DATAFLOW,LAST UPDATE,freq,unit,geo,TIME_PERIOD,OBS_VALUE,OBS_FLAG
ESTAT:RAIL_PA_TOTAL(1.0),21/12/22 23:00:00,A,MIO_PKM,AT,2010,10263,
ESTAT:RAIL_PA_TOTAL(1.0),21/12/22 23:00:00,A,MIO_PKM,AT,2011,10778,
ESTAT:RAIL_PA_TOTAL(1.0),21/12/22 23:00:00,A,MIO_PKM,AT,2012,11211,
ESTAT:RAIL_PA_TOTAL(1.0),21/12/22 23:00:00,A,MIO_PKM,AT,2013,11804,
ESTAT:RAIL_PA_TOTAL(1.0),21/12/22 23:00:00,A,MIO_PKM,AT,2014,11981,
ESTAT:RAIL_PA_TOTAL(1.0),21/12/22 23:00:00,A,MIO_PKM,AT,2015,12104,
ESTAT:RAIL_PA_TOTAL(1.0),21/12/22 23:00:00,A,MIO_PKM,AT,2016,12497,
ESTAT:RAIL_PA_TOTAL(1.0),21/12/22 23:00:00,A,MIO_PKM,AT,2017,12562,
ESTAT:RAIL_PA_TOTAL(1.0),21/12/22 23:00:00,A,MIO_PKM,AT,2018,13122,
ESTAT:RAIL_PA_TOTAL(1.0),21/12/22 23:00:00,A,MIO_PKM,AT,2019,13252,
ESTAT:RAIL_PA_TOTAL(1.0),21/12/22 23:00:00,A,MIO_PKM,AT,2020,7375,
ESTAT:RAIL_PA_TOTAL(1.0),21/12/22 23:00:00,A,MIO_PKM,AT,2021,8380,
ESTAT:RAIL_PA_TOTAL(1.0),21/12/22 23:00:00,A,MIO_PKM,BA,2014,35,
ESTAT:RAIL_PA_TOTAL(1.0),21/12/22 23:00:00,A,MIO_PKM,BA,2015,34,
ESTAT:RAIL_PA_TOTAL(1.0),21/12/22 23:00:00,A,MIO_PKM,BA,2016,24,
ESTAT:RAIL_PA_TOTAL(1.0),21/12/22 23:00:00,A,MIO_PKM,BA,2017,29,
ESTAT:RAIL_PA_TOTAL(1.0),21/12/22 23:00:00,A,MIO_PKM,BA,2018,39,
ESTAT:RAIL_PA_TOTAL(1.0),21/12/22 23:00:00,A,MIO_PKM,BA,2019,56,
ESTAT:RAIL_PA_TOTAL(1.0),21/12/22 23:00:00,A,MIO_PKM,BA,2020,14,
ESTAT:RAIL_PA_TOTAL(1.0),21/12/22 23:00:00,A,MIO_PKM,BA,2021,18,
ESTAT:RAIL_PA_TOTAL(1.0),21/12/22 23:00:00,A,MIO_PKM,BE,2010,10498,
ESTAT:RAIL_PA_TOTAL(1.0),21/12/22 23:00:00,A,MIO_PKM,BE,2011,10669,
ESTAT:RAIL_PA_TOTAL(1.0),21/12/22 23:00:00,A,MIO_PKM,BE,2013,,c
ESTAT:RAIL_PA_TOTAL(1.0),21/12/22 23:00:00,A,MIO_PKM,BE,2014,,c
ESTAT:RAIL_PA_TOTAL(1.0),21/12/22 23:00:00,A,MIO_PKM,BE,2015,,c
ESTAT:RAIL_PA_TOTAL(1.0),21/12/22 23:00:00,A,MIO_PKM,BE,2016,,c
ESTAT:RAIL_PA_TOTAL(1.0),21/12/22 23:00:00,A,MIO_PKM,BE,2017,,c
ESTAT:RAIL_PA_TOTAL(1.0),21/12/22 23:00:00,A,MIO_PKM,BE,2018,,c
ESTAT:RAIL_PA_TOTAL(1.0),21/12/22 23:00:00,A,MIO_PKM,BE,2019,,c
ESTAT:RAIL_PA_TOTAL(1.0),21/12/22 23:00:00,A,MIO_PKM,BE,2020,,c
ESTAT:RAIL_PA_TOTAL(1.0),21/12/22 23:00:00,A,MIO_PKM,BE,2021,,c
ESTAT:RAIL_PA_TOTAL(1.0),21/12/22 23:00:00,A,MIO_PKM,BG,2010,2090,
ESTAT:RAIL_PA_TOTAL(1.0),21/12/22 23:00:00,A,MIO_PKM,BG,2011,2059,
ESTAT:RAIL_PA_TOTAL(1.0),21/12/22 23:00:00,A,MIO_PKM,BG,2012,1870,
ESTAT:RAIL_PA_TOTAL(1.0),21/12/22 23:00:00,A,MIO_PKM,BG,2013,1821,
ESTAT:RAIL_PA_TOTAL(1.0),21/12/22 23:00:00,A,MIO_PKM,BG,2014,1698,
ESTAT:RAIL_PA_TOTAL(1.0),21/12/22 23:00:00,A,MIO_PKM,BG,2015,1549,
ESTAT:RAIL_PA_TOTAL(1.0),21/12/22 23:00:00,A,MIO_PKM,BG,2016,1455,
ESTAT:RAIL_PA_TOTAL(1.0),21/12/22 23:00:00,A,MIO_PKM,BG,2017,1434,
ESTAT:RAIL_PA_TOTAL(1.0),21/12/22 23:00:00,A,MIO_PKM,BG,2018,1476,
ESTAT:RAIL_PA_TOTAL(1.0),21/12/22 23:00:00,A,MIO_PKM,BG,2019,1520,
ESTAT:RAIL_PA_TOTAL(1.0),21/12/22 23:00:00,A,MIO_PKM,BG,2020,1118,
ESTAT:RAIL_PA_TOTAL(1.0),21/12/22 23:00:00,A,MIO_PKM,BG,2021,1203,
ESTAT:RAIL_PA_TOTAL(1.0),21/12/22 23:00:00,A,MIO_PKM,CH,2010,19093,
ESTAT:RAIL_PA_TOTAL(1.0),21/12/22 23:00:00,A,MIO_PKM,CH,2011,19387,
ESTAT:RAIL_PA_TOTAL(1.0),21/12/22 23:00:00,A,MIO_PKM,CH,2012,19180,
ESTAT:RAIL_PA_TOTAL(1.0),21/12/22 23:00:00,A,MIO_PKM,CH,2013,19368,
ESTAT:RAIL_PA_TOTAL(1.0),21/12/22 23:00:00,A,MIO_PKM,CH,2014,19934,
ESTAT:RAIL_PA_TOTAL(1.0),21/12/22 23:00:00,A,MIO_PKM,CH,2015,20228,
ESTAT:RAIL_PA_TOTAL(1.0),21/12/22 23:00:00,A,MIO_PKM,CH,2016,20657,
ESTAT:RAIL_PA_TOTAL(1.0),21/12/22 23:00:00,A,MIO_PKM,CH,2017,20707,
ESTAT:RAIL_PA_TOTAL(1.0),21/12/22 23:00:00,A,MIO_PKM,CH,2018,20451,
ESTAT:RAIL_PA_TOTAL(1.0),21/12/22 23:00:00,A,MIO_PKM,CH,2019,21559,
ESTAT:RAIL_PA_TOTAL(1.0),21/12/22 23:00:00,A,MIO_PKM,CH,2020,13261,
ESTAT:RAIL_PA_TOTAL(1.0),21/12/22 23:00:00,A,MIO_PKM,CH,2021,14223,
ESTAT:RAIL_PA_TOTAL(1.0),21/12/22 23:00:00,A,MIO_PKM,CZ,2010,6559,
ESTAT:RAIL_PA_TOTAL(1.0),21/12/22 23:00:00,A,MIO_PKM,CZ,2011,6669,p
ESTAT:RAIL_PA_TOTAL(1.0),21/12/22 23:00:00,A,MIO_PKM,CZ,2012,7196,
ESTAT:RAIL_PA_TOTAL(1.0),21/12/22 23:00:00,A,MIO_PKM,CZ,2013,7512,
ESTAT:RAIL_PA_TOTAL(1.0),21/12/22 23:00:00,A,MIO_PKM,CZ,2014,7644,
ESTAT:RAIL_PA_TOTAL(1.0),21/12/22 23:00:00,A,MIO_PKM,CZ,2015,8125,
ESTAT:RAIL_PA_TOTAL(1.0),21/12/22 23:00:00,A,MIO_PKM,CZ,2016,8738,
ESTAT:RAIL_PA_TOTAL(1.0),21/12/22 23:00:00,A,MIO_PKM,CZ,2017,9403,
ESTAT:RAIL_PA_TOTAL(1.0),21/12/22 23:00:00,A,MIO_PKM,CZ,2018,10220,
ESTAT:RAIL_PA_TOTAL(1.0),21/12/22 23:00:00,A,MIO_PKM,CZ,2019,10856,
ESTAT:RAIL_PA_TOTAL(1.0),21/12/22 23:00:00,A,MIO_PKM,CZ,2020,6623,
ESTAT:RAIL_PA_TOTAL(1.0),21/12/22 23:00:00,A,MIO_PKM,CZ,2021,6752,
ESTAT:RAIL_PA_TOTAL(1.0),21/12/22 23:00:00,A,MIO_PKM,DE,2010,82837,
ESTAT:RAIL_PA_TOTAL(1.0),21/12/22 23:00:00,A,MIO_PKM,DE,2011,89316,
ESTAT:RAIL_PA_TOTAL(1.0),21/12/22 23:00:00,A,MIO_PKM,DE,2012,93918,
ESTAT:RAIL_PA_TOTAL(1.0),21/12/22 23:00:00,A,MIO_PKM,DE,2013,89450,
ESTAT:RAIL_PA_TOTAL(1.0),21/12/22 23:00:00,A,MIO_PKM,DE,2014,90978,
ESTAT:RAIL_PA_TOTAL(1.0),21/12/22 23:00:00,A,MIO_PKM,DE,2015,91050,
ESTAT:RAIL_PA_TOTAL(1.0),21/12/22 23:00:00,A,MIO_PKM,DE,2016,95465,
ESTAT:RAIL_PA_TOTAL(1.0),21/12/22 23:00:00,A,MIO_PKM,DE,2017,95529,
ESTAT:RAIL_PA_TOTAL(1.0),21/12/22 23:00:00,A,MIO_PKM,DE,2018,98161,
ESTAT:RAIL_PA_TOTAL(1.0),21/12/22 23:00:00,A,MIO_PKM,DE,2019,100252,
ESTAT:RAIL_PA_TOTAL(1.0),21/12/22 23:00:00,A,MIO_PKM,DE,2020,57787,
ESTAT:RAIL_PA_TOTAL(1.0),21/12/22 23:00:00,A,MIO_PKM,DE,2021,57518,
ESTAT:RAIL_PA_TOTAL(1.0),21/12/22 23:00:00,A,MIO_PKM,DK,2010,6341,
ESTAT:RAIL_PA_TOTAL(1.0),21/12/22 23:00:00,A,MIO_PKM,DK,2011,6605,
ESTAT:RAIL_PA_TOTAL(1.0),21/12/22 23:00:00,A,MIO_PKM,DK,2012,6744,
ESTAT:RAIL_PA_TOTAL(1.0),21/12/22 23:00:00,A,MIO_PKM,DK,2013,6785,
ESTAT:RAIL_PA_TOTAL(1.0),21/12/22 23:00:00,A,MIO_PKM,DK,2014,6513,
ESTAT:RAIL_PA_TOTAL(1.0),21/12/22 23:00:00,A,MIO_PKM,DK,2015,6507,
ESTAT:RAIL_PA_TOTAL(1.0),21/12/22 23:00:00,A,MIO_PKM,DK,2016,6332,
ESTAT:RAIL_PA_TOTAL(1.0),21/12/22 23:00:00,A,MIO_PKM,DK,2017,6280,
ESTAT:RAIL_PA_TOTAL(1.0),21/12/22 23:00:00,A,MIO_PKM,DK,2018,6182,
ESTAT:RAIL_PA_TOTAL(1.0),21/12/22 23:00:00,A,MIO_PKM,DK,2019,6174,
ESTAT:RAIL_PA_TOTAL(1.0),21/12/22 23:00:00,A,MIO_PKM,DK,2020,3940,
ESTAT:RAIL_PA_TOTAL(1.0),21/12/22 23:00:00,A,MIO_PKM,DK,2021,4181,
ESTAT:RAIL_PA_TOTAL(1.0),21/12/22 23:00:00,A,MIO_PKM,EE,2010,247,
ESTAT:RAIL_PA_TOTAL(1.0),21/12/22 23:00:00,A,MIO_PKM,EE,2011,243,
ESTAT:RAIL_PA_TOTAL(1.0),21/12/22 23:00:00,A,MIO_PKM,EE,2012,235,
ESTAT:RAIL_PA_TOTAL(1.0),21/12/22 23:00:00,A,MIO_PKM,EE,2013,223,
ESTAT:RAIL_PA_TOTAL(1.0),21/12/22 23:00:00,A,MIO_PKM,EE,2014,280,
ESTAT:RAIL_PA_TOTAL(1.0),21/12/22 23:00:00,A,MIO_PKM,EE,2015,286,
ESTAT:RAIL_PA_TOTAL(1.0),21/12/22 23:00:00,A,MIO_PKM,EE,2016,316,
ESTAT:RAIL_PA_TOTAL(1.0),21/12/22 23:00:00,A,MIO_PKM,EE,2017,366,
ESTAT:RAIL_PA_TOTAL(1.0),21/12/22 23:00:00,A,MIO_PKM,EE,2018,417,
ESTAT:RAIL_PA_TOTAL(1.0),21/12/22 23:00:00,A,MIO_PKM,EE,2019,392,
ESTAT:RAIL_PA_TOTAL(1.0),21/12/22 23:00:00,A,MIO_PKM,EE,2020,263,
ESTAT:RAIL_PA_TOTAL(1.0),21/12/22 23:00:00,A,MIO_PKM,EE,2021,290,
ESTAT:RAIL_PA_TOTAL(1.0),21/12/22 23:00:00,A,MIO_PKM,EL,2010,1383,
ESTAT:RAIL_PA_TOTAL(1.0),21/12/22 23:00:00,A,MIO_PKM,EL,2011,958,
ESTAT:RAIL_PA_TOTAL(1.0),21/12/22 23:00:00,A,MIO_PKM,EL,2012,832,
ESTAT:RAIL_PA_TOTAL(1.0),21/12/22 23:00:00,A,MIO_PKM,EL,2013,1056,
ESTAT:RAIL_PA_TOTAL(1.0),21/12/22 23:00:00,A,MIO_PKM,EL,2014,1072,
ESTAT:RAIL_PA_TOTAL(1.0),21/12/22 23:00:00,A,MIO_PKM,EL,2015,1263,
ESTAT:RAIL_PA_TOTAL(1.0),21/12/22 23:00:00,A,MIO_PKM,EL,2016,1192,
ESTAT:RAIL_PA_TOTAL(1.0),21/12/22 23:00:00,A,MIO_PKM,EL,2017,1112,
ESTAT:RAIL_PA_TOTAL(1.0),21/12/22 23:00:00,A,MIO_PKM,EL,2018,1104,
ESTAT:RAIL_PA_TOTAL(1.0),21/12/22 23:00:00,A,MIO_PKM,EL,2019,1252,
ESTAT:RAIL_PA_TOTAL(1.0),21/12/22 23:00:00,A,MIO_PKM,EL,2020,640,
ESTAT:RAIL_PA_TOTAL(1.0),21/12/22 23:00:00,A,MIO_PKM,EL,2021,653,
ESTAT:RAIL_PA_TOTAL(1.0),21/12/22 23:00:00,A,MIO_PKM,ES,2010,22343,
ESTAT:RAIL_PA_TOTAL(1.0),21/12/22 23:00:00,A,MIO_PKM,ES,2011,22931,
ESTAT:RAIL_PA_TOTAL(1.0),21/12/22 23:00:00,A,MIO_PKM,ES,2012,22446,
ESTAT:RAIL_PA_TOTAL(1.0),21/12/22 23:00:00,A,MIO_PKM,ES,2013,23755,
ESTAT:RAIL_PA_TOTAL(1.0),21/12/22 23:00:00,A,MIO_PKM,ES,2014,25034,
ESTAT:RAIL_PA_TOTAL(1.0),21/12/22 23:00:00,A,MIO_PKM,ES,2015,26108,
ESTAT:RAIL_PA_TOTAL(1.0),21/12/22 23:00:00,A,MIO_PKM,ES,2016,26646,
ESTAT:RAIL_PA_TOTAL(1.0),21/12/22 23:00:00,A,MIO_PKM,ES,2017,27490,
ESTAT:RAIL_PA_TOTAL(1.0),21/12/22 23:00:00,A,MIO_PKM,ES,2018,28420,
ESTAT:RAIL_PA_TOTAL(1.0),21/12/22 23:00:00,A,MIO_PKM,ES,2019,28847,
ESTAT:RAIL_PA_TOTAL(1.0),21/12/22 23:00:00,A,MIO_PKM,ES,2020,12060,
ESTAT:RAIL_PA_TOTAL(1.0),21/12/22 23:00:00,A,MIO_PKM,ES,2021,17002,
ESTAT:RAIL_PA_TOTAL(1.0),21/12/22 23:00:00,A,MIO_PKM,EU27_2007,2010,,c
ESTAT:RAIL_PA_TOTAL(1.0),21/12/22 23:00:00,A,MIO_PKM,EU27_2007,2011,,c
ESTAT:RAIL_PA_TOTAL(1.0),21/12/22 23:00:00,A,MIO_PKM,EU27_2007,2013,,c
ESTAT:RAIL_PA_TOTAL(1.0),21/12/22 23:00:00,A,MIO_PKM,EU27_2007,2014,,c
ESTAT:RAIL_PA_TOTAL(1.0),21/12/22 23:00:00,A,MIO_PKM,EU27_2007,2015,443666,
ESTAT:RAIL_PA_TOTAL(1.0),21/12/22 23:00:00,A,MIO_PKM,EU27_2007,2016,453141,
ESTAT:RAIL_PA_TOTAL(1.0),21/12/22 23:00:00,A,MIO_PKM,EU27_2007,2017,463798,
ESTAT:RAIL_PA_TOTAL(1.0),21/12/22 23:00:00,A,MIO_PKM,EU27_2007,2018,470614,
ESTAT:RAIL_PA_TOTAL(1.0),21/12/22 23:00:00,A,MIO_PKM,EU27_2007,2019,486337,
ESTAT:RAIL_PA_TOTAL(1.0),21/12/22 23:00:00,A,MIO_PKM,EU27_2020,2010,,c
ESTAT:RAIL_PA_TOTAL(1.0),21/12/22 23:00:00,A,MIO_PKM,EU27_2020,2011,,c
ESTAT:RAIL_PA_TOTAL(1.0),21/12/22 23:00:00,A,MIO_PKM,EU27_2020,2013,,c
ESTAT:RAIL_PA_TOTAL(1.0),21/12/22 23:00:00,A,MIO_PKM,EU27_2020,2014,,c
ESTAT:RAIL_PA_TOTAL(1.0),21/12/22 23:00:00,A,MIO_PKM,EU27_2020,2015,378013,
ESTAT:RAIL_PA_TOTAL(1.0),21/12/22 23:00:00,A,MIO_PKM,EU27_2020,2016,385958,
ESTAT:RAIL_PA_TOTAL(1.0),21/12/22 23:00:00,A,MIO_PKM,EU27_2020,2017,395622,
ESTAT:RAIL_PA_TOTAL(1.0),21/12/22 23:00:00,A,MIO_PKM,EU27_2020,2018,401656,
ESTAT:RAIL_PA_TOTAL(1.0),21/12/22 23:00:00,A,MIO_PKM,EU27_2020,2019,415238,
ESTAT:RAIL_PA_TOTAL(1.0),21/12/22 23:00:00,A,MIO_PKM,EU27_2020,2020,224516,
ESTAT:RAIL_PA_TOTAL(1.0),21/12/22 23:00:00,A,MIO_PKM,EU27_2020,2021,261517,
ESTAT:RAIL_PA_TOTAL(1.0),21/12/22 23:00:00,A,MIO_PKM,EU28,2010,,c
ESTAT:RAIL_PA_TOTAL(1.0),21/12/22 23:00:00,A,MIO_PKM,EU28,2011,,c
ESTAT:RAIL_PA_TOTAL(1.0),21/12/22 23:00:00,A,MIO_PKM,EU28,2013,,c
ESTAT:RAIL_PA_TOTAL(1.0),21/12/22 23:00:00,A,MIO_PKM,EU28,2014,,c
ESTAT:RAIL_PA_TOTAL(1.0),21/12/22 23:00:00,A,MIO_PKM,EU28,2015,444607,
ESTAT:RAIL_PA_TOTAL(1.0),21/12/22 23:00:00,A,MIO_PKM,EU28,2016,453968,
ESTAT:RAIL_PA_TOTAL(1.0),21/12/22 23:00:00,A,MIO_PKM,EU28,2017,464534,
ESTAT:RAIL_PA_TOTAL(1.0),21/12/22 23:00:00,A,MIO_PKM,EU28,2018,471362,
ESTAT:RAIL_PA_TOTAL(1.0),21/12/22 23:00:00,A,MIO_PKM,EU28,2019,487061,
ESTAT:RAIL_PA_TOTAL(1.0),21/12/22 23:00:00,A,MIO_PKM,FI,2010,3959,
ESTAT:RAIL_PA_TOTAL(1.0),21/12/22 23:00:00,A,MIO_PKM,FI,2011,3882,
ESTAT:RAIL_PA_TOTAL(1.0),21/12/22 23:00:00,A,MIO_PKM,FI,2012,4035,
ESTAT:RAIL_PA_TOTAL(1.0),21/12/22 23:00:00,A,MIO_PKM,FI,2013,4053,
ESTAT:RAIL_PA_TOTAL(1.0),21/12/22 23:00:00,A,MIO_PKM,FI,2014,3874,
ESTAT:RAIL_PA_TOTAL(1.0),21/12/22 23:00:00,A,MIO_PKM,FI,2015,4114,
ESTAT:RAIL_PA_TOTAL(1.0),21/12/22 23:00:00,A,MIO_PKM,FI,2016,3868,
ESTAT:RAIL_PA_TOTAL(1.0),21/12/22 23:00:00,A,MIO_PKM,FI,2017,4271,
ESTAT:RAIL_PA_TOTAL(1.0),21/12/22 23:00:00,A,MIO_PKM,FI,2018,4535,
ESTAT:RAIL_PA_TOTAL(1.0),21/12/22 23:00:00,A,MIO_PKM,FI,2019,4924,
ESTAT:RAIL_PA_TOTAL(1.0),21/12/22 23:00:00,A,MIO_PKM,FI,2020,2820,
ESTAT:RAIL_PA_TOTAL(1.0),21/12/22 23:00:00,A,MIO_PKM,FI,2021,2903,
ESTAT:RAIL_PA_TOTAL(1.0),21/12/22 23:00:00,A,MIO_PKM,FR,2010,,c
ESTAT:RAIL_PA_TOTAL(1.0),21/12/22 23:00:00,A,MIO_PKM,FR,2011,,c
ESTAT:RAIL_PA_TOTAL(1.0),21/12/22 23:00:00,A,MIO_PKM,FR,2012,91205,
ESTAT:RAIL_PA_TOTAL(1.0),21/12/22 23:00:00,A,MIO_PKM,FR,2013,90485,
ESTAT:RAIL_PA_TOTAL(1.0),21/12/22 23:00:00,A,MIO_PKM,FR,2014,89499,
ESTAT:RAIL_PA_TOTAL(1.0),21/12/22 23:00:00,A,MIO_PKM,FR,2015,91377,
ESTAT:RAIL_PA_TOTAL(1.0),21/12/22 23:00:00,A,MIO_PKM,FR,2016,91832,
ESTAT:RAIL_PA_TOTAL(1.0),21/12/22 23:00:00,A,MIO_PKM,FR,2017,95024,
ESTAT:RAIL_PA_TOTAL(1.0),21/12/22 23:00:00,A,MIO_PKM,FR,2018,91818,
ESTAT:RAIL_PA_TOTAL(1.0),21/12/22 23:00:00,A,MIO_PKM,FR,2019,96540,
ESTAT:RAIL_PA_TOTAL(1.0),21/12/22 23:00:00,A,MIO_PKM,FR,2020,56606,
ESTAT:RAIL_PA_TOTAL(1.0),21/12/22 23:00:00,A,MIO_PKM,FR,2021,75854,
ESTAT:RAIL_PA_TOTAL(1.0),21/12/22 23:00:00,A,MIO_PKM,HR,2010,1711,
ESTAT:RAIL_PA_TOTAL(1.0),21/12/22 23:00:00,A,MIO_PKM,HR,2011,1457,
ESTAT:RAIL_PA_TOTAL(1.0),21/12/22 23:00:00,A,MIO_PKM,HR,2012,1080,
ESTAT:RAIL_PA_TOTAL(1.0),21/12/22 23:00:00,A,MIO_PKM,HR,2013,935,
ESTAT:RAIL_PA_TOTAL(1.0),21/12/22 23:00:00,A,MIO_PKM,HR,2014,917,
ESTAT:RAIL_PA_TOTAL(1.0),21/12/22 23:00:00,A,MIO_PKM,HR,2015,941,
ESTAT:RAIL_PA_TOTAL(1.0),21/12/22 23:00:00,A,MIO_PKM,HR,2016,827,
ESTAT:RAIL_PA_TOTAL(1.0),21/12/22 23:00:00,A,MIO_PKM,HR,2017,736,
ESTAT:RAIL_PA_TOTAL(1.0),21/12/22 23:00:00,A,MIO_PKM,HR,2018,747,
ESTAT:RAIL_PA_TOTAL(1.0),21/12/22 23:00:00,A,MIO_PKM,HR,2019,724,
ESTAT:RAIL_PA_TOTAL(1.0),21/12/22 23:00:00,A,MIO_PKM,HR,2020,448,
ESTAT:RAIL_PA_TOTAL(1.0),21/12/22 23:00:00,A,MIO_PKM,HR,2021,538,
ESTAT:RAIL_PA_TOTAL(1.0),21/12/22 23:00:00,A,MIO_PKM,HU,2010,7653,
ESTAT:RAIL_PA_TOTAL(1.0),21/12/22 23:00:00,A,MIO_PKM,HU,2011,7763,
ESTAT:RAIL_PA_TOTAL(1.0),21/12/22 23:00:00,A,MIO_PKM,HU,2012,7769,
ESTAT:RAIL_PA_TOTAL(1.0),21/12/22 23:00:00,A,MIO_PKM,HU,2013,7806,
ESTAT:RAIL_PA_TOTAL(1.0),21/12/22 23:00:00,A,MIO_PKM,HU,2014,7710,
ESTAT:RAIL_PA_TOTAL(1.0),21/12/22 23:00:00,A,MIO_PKM,HU,2015,,c
ESTAT:RAIL_PA_TOTAL(1.0),21/12/22 23:00:00,A,MIO_PKM,HU,2016,,c
ESTAT:RAIL_PA_TOTAL(1.0),21/12/22 23:00:00,A,MIO_PKM,HU,2017,,c
ESTAT:RAIL_PA_TOTAL(1.0),21/12/22 23:00:00,A,MIO_PKM,HU,2018,,c
ESTAT:RAIL_PA_TOTAL(1.0),21/12/22 23:00:00,A,MIO_PKM,HU,2019,,c
ESTAT:RAIL_PA_TOTAL(1.0),21/12/22 23:00:00,A,MIO_PKM,HU,2020,,c
ESTAT:RAIL_PA_TOTAL(1.0),21/12/22 23:00:00,A,MIO_PKM,HU,2021,,c
ESTAT:RAIL_PA_TOTAL(1.0),21/12/22 23:00:00,A,MIO_PKM,IE,2010,1678,
ESTAT:RAIL_PA_TOTAL(1.0),21/12/22 23:00:00,A,MIO_PKM,IE,2011,1638,
ESTAT:RAIL_PA_TOTAL(1.0),21/12/22 23:00:00,A,MIO_PKM,IE,2012,1578,
ESTAT:RAIL_PA_TOTAL(1.0),21/12/22 23:00:00,A,MIO_PKM,IE,2013,1569,
ESTAT:RAIL_PA_TOTAL(1.0),21/12/22 23:00:00,A,MIO_PKM,IE,2014,1728,
ESTAT:RAIL_PA_TOTAL(1.0),21/12/22 23:00:00,A,MIO_PKM,IE,2015,1918,
ESTAT:RAIL_PA_TOTAL(1.0),21/12/22 23:00:00,A,MIO_PKM,IE,2016,1991,
ESTAT:RAIL_PA_TOTAL(1.0),21/12/22 23:00:00,A,MIO_PKM,IE,2017,2122,
ESTAT:RAIL_PA_TOTAL(1.0),21/12/22 23:00:00,A,MIO_PKM,IE,2018,2281,
ESTAT:RAIL_PA_TOTAL(1.0),21/12/22 23:00:00,A,MIO_PKM,IE,2019,2399,
ESTAT:RAIL_PA_TOTAL(1.0),21/12/22 23:00:00,A,MIO_PKM,IE,2020,834,
ESTAT:RAIL_PA_TOTAL(1.0),21/12/22 23:00:00,A,MIO_PKM,IE,2021,870,
ESTAT:RAIL_PA_TOTAL(1.0),21/12/22 23:00:00,A,MIO_PKM,IT,2010,47172,
ESTAT:RAIL_PA_TOTAL(1.0),21/12/22 23:00:00,A,MIO_PKM,IT,2011,,c
ESTAT:RAIL_PA_TOTAL(1.0),21/12/22 23:00:00,A,MIO_PKM,IT,2012,46759,
ESTAT:RAIL_PA_TOTAL(1.0),21/12/22 23:00:00,A,MIO_PKM,IT,2013,48739,
ESTAT:RAIL_PA_TOTAL(1.0),21/12/22 23:00:00,A,MIO_PKM,IT,2014,49957,
ESTAT:RAIL_PA_TOTAL(1.0),21/12/22 23:00:00,A,MIO_PKM,IT,2015,52207,
ESTAT:RAIL_PA_TOTAL(1.0),21/12/22 23:00:00,A,MIO_PKM,IT,2016,52178,
ESTAT:RAIL_PA_TOTAL(1.0),21/12/22 23:00:00,A,MIO_PKM,IT,2017,53231,
ESTAT:RAIL_PA_TOTAL(1.0),21/12/22 23:00:00,A,MIO_PKM,IT,2018,55493,
ESTAT:RAIL_PA_TOTAL(1.0),21/12/22 23:00:00,A,MIO_PKM,IT,2019,56586,
ESTAT:RAIL_PA_TOTAL(1.0),21/12/22 23:00:00,A,MIO_PKM,IT,2020,22269,
ESTAT:RAIL_PA_TOTAL(1.0),21/12/22 23:00:00,A,MIO_PKM,IT,2021,27693,
ESTAT:RAIL_PA_TOTAL(1.0),21/12/22 23:00:00,A,MIO_PKM,LI,2010,1,
ESTAT:RAIL_PA_TOTAL(1.0),21/12/22 23:00:00,A,MIO_PKM,LI,2011,1,
ESTAT:RAIL_PA_TOTAL(1.0),21/12/22 23:00:00,A,MIO_PKM,LI,2012,1,
ESTAT:RAIL_PA_TOTAL(1.0),21/12/22 23:00:00,A,MIO_PKM,LI,2013,1,
ESTAT:RAIL_PA_TOTAL(1.0),21/12/22 23:00:00,A,MIO_PKM,LI,2014,1,
ESTAT:RAIL_PA_TOTAL(1.0),21/12/22 23:00:00,A,MIO_PKM,LI,2015,15,
ESTAT:RAIL_PA_TOTAL(1.0),21/12/22 23:00:00,A,MIO_PKM,LI,2016,16,
ESTAT:RAIL_PA_TOTAL(1.0),21/12/22 23:00:00,A,MIO_PKM,LI,2017,15,
ESTAT:RAIL_PA_TOTAL(1.0),21/12/22 23:00:00,A,MIO_PKM,LI,2018,16,
ESTAT:RAIL_PA_TOTAL(1.0),21/12/22 23:00:00,A,MIO_PKM,LI,2019,18,
ESTAT:RAIL_PA_TOTAL(1.0),21/12/22 23:00:00,A,MIO_PKM,LI,2020,8,
ESTAT:RAIL_PA_TOTAL(1.0),21/12/22 23:00:00,A,MIO_PKM,LI,2021,12,
ESTAT:RAIL_PA_TOTAL(1.0),21/12/22 23:00:00,A,MIO_PKM,LT,2010,244,
ESTAT:RAIL_PA_TOTAL(1.0),21/12/22 23:00:00,A,MIO_PKM,LT,2011,269,
ESTAT:RAIL_PA_TOTAL(1.0),21/12/22 23:00:00,A,MIO_PKM,LT,2012,278,
ESTAT:RAIL_PA_TOTAL(1.0),21/12/22 23:00:00,A,MIO_PKM,LT,2013,278,
ESTAT:RAIL_PA_TOTAL(1.0),21/12/22 23:00:00,A,MIO_PKM,LT,2014,270,
ESTAT:RAIL_PA_TOTAL(1.0),21/12/22 23:00:00,A,MIO_PKM,LT,2015,262,
ESTAT:RAIL_PA_TOTAL(1.0),21/12/22 23:00:00,A,MIO_PKM,LT,2016,280,
ESTAT:RAIL_PA_TOTAL(1.0),21/12/22 23:00:00,A,MIO_PKM,LT,2017,315,
ESTAT:RAIL_PA_TOTAL(1.0),21/12/22 23:00:00,A,MIO_PKM,LT,2018,354,
ESTAT:RAIL_PA_TOTAL(1.0),21/12/22 23:00:00,A,MIO_PKM,LT,2019,359,
ESTAT:RAIL_PA_TOTAL(1.0),21/12/22 23:00:00,A,MIO_PKM,LT,2020,237,
ESTAT:RAIL_PA_TOTAL(1.0),21/12/22 23:00:00,A,MIO_PKM,LT,2021,287,
ESTAT:RAIL_PA_TOTAL(1.0),21/12/22 23:00:00,A,MIO_PKM,LU,2010,347,
ESTAT:RAIL_PA_TOTAL(1.0),21/12/22 23:00:00,A,MIO_PKM,LU,2011,349,
ESTAT:RAIL_PA_TOTAL(1.0),21/12/22 23:00:00,A,MIO_PKM,LU,2012,373,
ESTAT:RAIL_PA_TOTAL(1.0),21/12/22 23:00:00,A,MIO_PKM,LU,2013,394,
ESTAT:RAIL_PA_TOTAL(1.0),21/12/22 23:00:00,A,MIO_PKM,LU,2014,366,
ESTAT:RAIL_PA_TOTAL(1.0),21/12/22 23:00:00,A,MIO_PKM,LU,2015,418,
ESTAT:RAIL_PA_TOTAL(1.0),21/12/22 23:00:00,A,MIO_PKM,LU,2016,417,
ESTAT:RAIL_PA_TOTAL(1.0),21/12/22 23:00:00,A,MIO_PKM,LU,2017,438,
ESTAT:RAIL_PA_TOTAL(1.0),21/12/22 23:00:00,A,MIO_PKM,LU,2018,443,
ESTAT:RAIL_PA_TOTAL(1.0),21/12/22 23:00:00,A,MIO_PKM,LU,2019,463,
ESTAT:RAIL_PA_TOTAL(1.0),21/12/22 23:00:00,A,MIO_PKM,LU,2020,268,
ESTAT:RAIL_PA_TOTAL(1.0),21/12/22 23:00:00,A,MIO_PKM,LU,2021,304,
ESTAT:RAIL_PA_TOTAL(1.0),21/12/22 23:00:00,A,MIO_PKM,LV,2010,741,
ESTAT:RAIL_PA_TOTAL(1.0),21/12/22 23:00:00,A,MIO_PKM,LV,2011,733,
ESTAT:RAIL_PA_TOTAL(1.0),21/12/22 23:00:00,A,MIO_PKM,LV,2012,717,
ESTAT:RAIL_PA_TOTAL(1.0),21/12/22 23:00:00,A,MIO_PKM,LV,2013,721,
ESTAT:RAIL_PA_TOTAL(1.0),21/12/22 23:00:00,A,MIO_PKM,LV,2014,644,
ESTAT:RAIL_PA_TOTAL(1.0),21/12/22 23:00:00,A,MIO_PKM,LV,2015,590,
ESTAT:RAIL_PA_TOTAL(1.0),21/12/22 23:00:00,A,MIO_PKM,LV,2016,584,
ESTAT:RAIL_PA_TOTAL(1.0),21/12/22 23:00:00,A,MIO_PKM,LV,2017,596,
ESTAT:RAIL_PA_TOTAL(1.0),21/12/22 23:00:00,A,MIO_PKM,LV,2018,624,
ESTAT:RAIL_PA_TOTAL(1.0),21/12/22 23:00:00,A,MIO_PKM,LV,2019,643,
ESTAT:RAIL_PA_TOTAL(1.0),21/12/22 23:00:00,A,MIO_PKM,LV,2020,413,
ESTAT:RAIL_PA_TOTAL(1.0),21/12/22 23:00:00,A,MIO_PKM,LV,2021,361,
ESTAT:RAIL_PA_TOTAL(1.0),21/12/22 23:00:00,A,MIO_PKM,ME,2013,73,
ESTAT:RAIL_PA_TOTAL(1.0),21/12/22 23:00:00,A,MIO_PKM,ME,2014,76,
ESTAT:RAIL_PA_TOTAL(1.0),21/12/22 23:00:00,A,MIO_PKM,ME,2015,81,
ESTAT:RAIL_PA_TOTAL(1.0),21/12/22 23:00:00,A,MIO_PKM,ME,2016,84,
ESTAT:RAIL_PA_TOTAL(1.0),21/12/22 23:00:00,A,MIO_PKM,ME,2017,60,
ESTAT:RAIL_PA_TOTAL(1.0),21/12/22 23:00:00,A,MIO_PKM,ME,2018,67,
ESTAT:RAIL_PA_TOTAL(1.0),21/12/22 23:00:00,A,MIO_PKM,ME,2019,66,
ESTAT:RAIL_PA_TOTAL(1.0),21/12/22 23:00:00,A,MIO_PKM,ME,2020,28,
ESTAT:RAIL_PA_TOTAL(1.0),21/12/22 23:00:00,A,MIO_PKM,MK,2010,155,
ESTAT:RAIL_PA_TOTAL(1.0),21/12/22 23:00:00,A,MIO_PKM,MK,2011,145,
ESTAT:RAIL_PA_TOTAL(1.0),21/12/22 23:00:00,A,MIO_PKM,MK,2012,99,
ESTAT:RAIL_PA_TOTAL(1.0),21/12/22 23:00:00,A,MIO_PKM,MK,2013,80,
ESTAT:RAIL_PA_TOTAL(1.0),21/12/22 23:00:00,A,MIO_PKM,MK,2014,80,
ESTAT:RAIL_PA_TOTAL(1.0),21/12/22 23:00:00,A,MIO_PKM,MK,2015,177,
ESTAT:RAIL_PA_TOTAL(1.0),21/12/22 23:00:00,A,MIO_PKM,MK,2016,83,
ESTAT:RAIL_PA_TOTAL(1.0),21/12/22 23:00:00,A,MIO_PKM,MK,2017,59,
ESTAT:RAIL_PA_TOTAL(1.0),21/12/22 23:00:00,A,MIO_PKM,MK,2018,63,
ESTAT:RAIL_PA_TOTAL(1.0),21/12/22 23:00:00,A,MIO_PKM,MK,2019,62,
ESTAT:RAIL_PA_TOTAL(1.0),21/12/22 23:00:00,A,MIO_PKM,MK,2020,25,
ESTAT:RAIL_PA_TOTAL(1.0),21/12/22 23:00:00,A,MIO_PKM,MK,2021,25,
ESTAT:RAIL_PA_TOTAL(1.0),21/12/22 23:00:00,A,MIO_PKM,NL,2010,,c
ESTAT:RAIL_PA_TOTAL(1.0),21/12/22 23:00:00,A,MIO_PKM,NL,2011,,c
ESTAT:RAIL_PA_TOTAL(1.0),21/12/22 23:00:00,A,MIO_PKM,NL,2012,,c
ESTAT:RAIL_PA_TOTAL(1.0),21/12/22 23:00:00,A,MIO_PKM,NL,2013,,c
ESTAT:RAIL_PA_TOTAL(1.0),21/12/22 23:00:00,A,MIO_PKM,NL,2014,,c
ESTAT:RAIL_PA_TOTAL(1.0),21/12/22 23:00:00,A,MIO_PKM,NL,2015,,c
ESTAT:RAIL_PA_TOTAL(1.0),21/12/22 23:00:00,A,MIO_PKM,NL,2016,,c
ESTAT:RAIL_PA_TOTAL(1.0),21/12/22 23:00:00,A,MIO_PKM,NL,2017,,c
ESTAT:RAIL_PA_TOTAL(1.0),21/12/22 23:00:00,A,MIO_PKM,NL,2018,,c
ESTAT:RAIL_PA_TOTAL(1.0),21/12/22 23:00:00,A,MIO_PKM,NL,2019,,c
ESTAT:RAIL_PA_TOTAL(1.0),21/12/22 23:00:00,A,MIO_PKM,NL,2020,,c
ESTAT:RAIL_PA_TOTAL(1.0),21/12/22 23:00:00,A,MIO_PKM,NL,2021,,c
ESTAT:RAIL_PA_TOTAL(1.0),21/12/22 23:00:00,A,MIO_PKM,NO,2010,3186,
ESTAT:RAIL_PA_TOTAL(1.0),21/12/22 23:00:00,A,MIO_PKM,NO,2011,3076,
ESTAT:RAIL_PA_TOTAL(1.0),21/12/22 23:00:00,A,MIO_PKM,NO,2012,3092,
ESTAT:RAIL_PA_TOTAL(1.0),21/12/22 23:00:00,A,MIO_PKM,NO,2013,3260,
ESTAT:RAIL_PA_TOTAL(1.0),21/12/22 23:00:00,A,MIO_PKM,NO,2014,3440,
ESTAT:RAIL_PA_TOTAL(1.0),21/12/22 23:00:00,A,MIO_PKM,NO,2015,3555,
ESTAT:RAIL_PA_TOTAL(1.0),21/12/22 23:00:00,A,MIO_PKM,NO,2016,3695,
ESTAT:RAIL_PA_TOTAL(1.0),21/12/22 23:00:00,A,MIO_PKM,NO,2017,3584,
ESTAT:RAIL_PA_TOTAL(1.0),21/12/22 23:00:00,A,MIO_PKM,NO,2018,3722,
ESTAT:RAIL_PA_TOTAL(1.0),21/12/22 23:00:00,A,MIO_PKM,NO,2019,3715,
ESTAT:RAIL_PA_TOTAL(1.0),21/12/22 23:00:00,A,MIO_PKM,NO,2020,1801,
ESTAT:RAIL_PA_TOTAL(1.0),21/12/22 23:00:00,A,MIO_PKM,NO,2021,1780,
ESTAT:RAIL_PA_TOTAL(1.0),21/12/22 23:00:00,A,MIO_PKM,PL,2010,17485,
ESTAT:RAIL_PA_TOTAL(1.0),21/12/22 23:00:00,A,MIO_PKM,PL,2011,17633,
ESTAT:RAIL_PA_TOTAL(1.0),21/12/22 23:00:00,A,MIO_PKM,PL,2012,17674,
ESTAT:RAIL_PA_TOTAL(1.0),21/12/22 23:00:00,A,MIO_PKM,PL,2013,16659,
ESTAT:RAIL_PA_TOTAL(1.0),21/12/22 23:00:00,A,MIO_PKM,PL,2014,15885,
ESTAT:RAIL_PA_TOTAL(1.0),21/12/22 23:00:00,A,MIO_PKM,PL,2015,17240,
ESTAT:RAIL_PA_TOTAL(1.0),21/12/22 23:00:00,A,MIO_PKM,PL,2016,19067,
ESTAT:RAIL_PA_TOTAL(1.0),21/12/22 23:00:00,A,MIO_PKM,PL,2017,20215,
ESTAT:RAIL_PA_TOTAL(1.0),21/12/22 23:00:00,A,MIO_PKM,PL,2018,,c
ESTAT:RAIL_PA_TOTAL(1.0),21/12/22 23:00:00,A,MIO_PKM,PL,2019,,c
ESTAT:RAIL_PA_TOTAL(1.0),21/12/22 23:00:00,A,MIO_PKM,PL,2020,,c
ESTAT:RAIL_PA_TOTAL(1.0),21/12/22 23:00:00,A,MIO_PKM,PL,2021,,c
ESTAT:RAIL_PA_TOTAL(1.0),21/12/22 23:00:00,A,MIO_PKM,PT,2010,4111,
ESTAT:RAIL_PA_TOTAL(1.0),21/12/22 23:00:00,A,MIO_PKM,PT,2011,4237,
ESTAT:RAIL_PA_TOTAL(1.0),21/12/22 23:00:00,A,MIO_PKM,PT,2012,3803,
ESTAT:RAIL_PA_TOTAL(1.0),21/12/22 23:00:00,A,MIO_PKM,PT,2013,3649,
ESTAT:RAIL_PA_TOTAL(1.0),21/12/22 23:00:00,A,MIO_PKM,PT,2014,3852,
ESTAT:RAIL_PA_TOTAL(1.0),21/12/22 23:00:00,A,MIO_PKM,PT,2015,3957,
ESTAT:RAIL_PA_TOTAL(1.0),21/12/22 23:00:00,A,MIO_PKM,PT,2016,4266,
ESTAT:RAIL_PA_TOTAL(1.0),21/12/22 23:00:00,A,MIO_PKM,PT,2017,4516,
ESTAT:RAIL_PA_TOTAL(1.0),21/12/22 23:00:00,A,MIO_PKM,PT,2018,4570,
ESTAT:RAIL_PA_TOTAL(1.0),21/12/22 23:00:00,A,MIO_PKM,PT,2019,5055,
ESTAT:RAIL_PA_TOTAL(1.0),21/12/22 23:00:00,A,MIO_PKM,PT,2020,2563,
ESTAT:RAIL_PA_TOTAL(1.0),21/12/22 23:00:00,A,MIO_PKM,PT,2021,2912,
ESTAT:RAIL_PA_TOTAL(1.0),21/12/22 23:00:00,A,MIO_PKM,RO,2010,5437,
ESTAT:RAIL_PA_TOTAL(1.0),21/12/22 23:00:00,A,MIO_PKM,RO,2011,5063,
ESTAT:RAIL_PA_TOTAL(1.0),21/12/22 23:00:00,A,MIO_PKM,RO,2012,4550,
ESTAT:RAIL_PA_TOTAL(1.0),21/12/22 23:00:00,A,MIO_PKM,RO,2013,4382,
ESTAT:RAIL_PA_TOTAL(1.0),21/12/22 23:00:00,A,MIO_PKM,RO,2014,4971,
ESTAT:RAIL_PA_TOTAL(1.0),21/12/22 23:00:00,A,MIO_PKM,RO,2015,5148,
ESTAT:RAIL_PA_TOTAL(1.0),21/12/22 23:00:00,A,MIO_PKM,RO,2016,4988,
ESTAT:RAIL_PA_TOTAL(1.0),21/12/22 23:00:00,A,MIO_PKM,RO,2017,5663,
ESTAT:RAIL_PA_TOTAL(1.0),21/12/22 23:00:00,A,MIO_PKM,RO,2018,5577,
ESTAT:RAIL_PA_TOTAL(1.0),21/12/22 23:00:00,A,MIO_PKM,RO,2019,5906,
ESTAT:RAIL_PA_TOTAL(1.0),21/12/22 23:00:00,A,MIO_PKM,RO,2020,3720,
ESTAT:RAIL_PA_TOTAL(1.0),21/12/22 23:00:00,A,MIO_PKM,RO,2021,4271,
ESTAT:RAIL_PA_TOTAL(1.0),21/12/22 23:00:00,A,MIO_PKM,SE,2010,11155,
ESTAT:RAIL_PA_TOTAL(1.0),21/12/22 23:00:00,A,MIO_PKM,SE,2011,11379,
ESTAT:RAIL_PA_TOTAL(1.0),21/12/22 23:00:00,A,MIO_PKM,SE,2012,11792,
ESTAT:RAIL_PA_TOTAL(1.0),21/12/22 23:00:00,A,MIO_PKM,SE,2013,11842,
ESTAT:RAIL_PA_TOTAL(1.0),21/12/22 23:00:00,A,MIO_PKM,SE,2014,12121,
ESTAT:RAIL_PA_TOTAL(1.0),21/12/22 23:00:00,A,MIO_PKM,SE,2015,12741,
ESTAT:RAIL_PA_TOTAL(1.0),21/12/22 23:00:00,A,MIO_PKM,SE,2016,12800,
ESTAT:RAIL_PA_TOTAL(1.0),21/12/22 23:00:00,A,MIO_PKM,SE,2017,13331,
ESTAT:RAIL_PA_TOTAL(1.0),21/12/22 23:00:00,A,MIO_PKM,SE,2018,13547,
ESTAT:RAIL_PA_TOTAL(1.0),21/12/22 23:00:00,A,MIO_PKM,SE,2019,14617,
ESTAT:RAIL_PA_TOTAL(1.0),21/12/22 23:00:00,A,MIO_PKM,SE,2020,8129,
ESTAT:RAIL_PA_TOTAL(1.0),21/12/22 23:00:00,A,MIO_PKM,SE,2021,8027,
ESTAT:RAIL_PA_TOTAL(1.0),21/12/22 23:00:00,A,MIO_PKM,SI,2010,729,
ESTAT:RAIL_PA_TOTAL(1.0),21/12/22 23:00:00,A,MIO_PKM,SI,2011,689,
ESTAT:RAIL_PA_TOTAL(1.0),21/12/22 23:00:00,A,MIO_PKM,SI,2012,659,
ESTAT:RAIL_PA_TOTAL(1.0),21/12/22 23:00:00,A,MIO_PKM,SI,2013,679,
ESTAT:RAIL_PA_TOTAL(1.0),21/12/22 23:00:00,A,MIO_PKM,SI,2014,620,
ESTAT:RAIL_PA_TOTAL(1.0),21/12/22 23:00:00,A,MIO_PKM,SI,2015,628,
ESTAT:RAIL_PA_TOTAL(1.0),21/12/22 23:00:00,A,MIO_PKM,SI,2016,611,
ESTAT:RAIL_PA_TOTAL(1.0),21/12/22 23:00:00,A,MIO_PKM,SI,2017,570,
ESTAT:RAIL_PA_TOTAL(1.0),21/12/22 23:00:00,A,MIO_PKM,SI,2018,568,
ESTAT:RAIL_PA_TOTAL(1.0),21/12/22 23:00:00,A,MIO_PKM,SI,2019,572,
ESTAT:RAIL_PA_TOTAL(1.0),21/12/22 23:00:00,A,MIO_PKM,SI,2020,338,
ESTAT:RAIL_PA_TOTAL(1.0),21/12/22 23:00:00,A,MIO_PKM,SI,2021,504,
ESTAT:RAIL_PA_TOTAL(1.0),21/12/22 23:00:00,A,MIO_PKM,SK,2010,2309,
ESTAT:RAIL_PA_TOTAL(1.0),21/12/22 23:00:00,A,MIO_PKM,SK,2011,2431,
ESTAT:RAIL_PA_TOTAL(1.0),21/12/22 23:00:00,A,MIO_PKM,SK,2012,2459,
ESTAT:RAIL_PA_TOTAL(1.0),21/12/22 23:00:00,A,MIO_PKM,SK,2013,2485,
ESTAT:RAIL_PA_TOTAL(1.0),21/12/22 23:00:00,A,MIO_PKM,SK,2014,2583,
ESTAT:RAIL_PA_TOTAL(1.0),21/12/22 23:00:00,A,MIO_PKM,SK,2015,3411,
ESTAT:RAIL_PA_TOTAL(1.0),21/12/22 23:00:00,A,MIO_PKM,SK,2016,3484,
ESTAT:RAIL_PA_TOTAL(1.0),21/12/22 23:00:00,A,MIO_PKM,SK,2017,3754,
ESTAT:RAIL_PA_TOTAL(1.0),21/12/22 23:00:00,A,MIO_PKM,SK,2018,3792,
ESTAT:RAIL_PA_TOTAL(1.0),21/12/22 23:00:00,A,MIO_PKM,SK,2019,3957,
ESTAT:RAIL_PA_TOTAL(1.0),21/12/22 23:00:00,A,MIO_PKM,SK,2020,2133,
ESTAT:RAIL_PA_TOTAL(1.0),21/12/22 23:00:00,A,MIO_PKM,SK,2021,1969,
ESTAT:RAIL_PA_TOTAL(1.0),21/12/22 23:00:00,A,MIO_PKM,TR,2010,5491,
ESTAT:RAIL_PA_TOTAL(1.0),21/12/22 23:00:00,A,MIO_PKM,TR,2011,5882,
ESTAT:RAIL_PA_TOTAL(1.0),21/12/22 23:00:00,A,MIO_PKM,TR,2012,4598,
ESTAT:RAIL_PA_TOTAL(1.0),21/12/22 23:00:00,A,MIO_PKM,TR,2013,3775,
ESTAT:RAIL_PA_TOTAL(1.0),21/12/22 23:00:00,A,MIO_PKM,TR,2014,4393,
ESTAT:RAIL_PA_TOTAL(1.0),21/12/22 23:00:00,A,MIO_PKM,TR,2015,4828,
ESTAT:RAIL_PA_TOTAL(1.0),21/12/22 23:00:00,A,MIO_PKM,TR,2016,4325,
ESTAT:RAIL_PA_TOTAL(1.0),21/12/22 23:00:00,A,MIO_PKM,TR,2017,4566,
ESTAT:RAIL_PA_TOTAL(1.0),21/12/22 23:00:00,A,MIO_PKM,TR,2018,5560,
ESTAT:RAIL_PA_TOTAL(1.0),21/12/22 23:00:00,A,MIO_PKM,TR,2019,11068,
ESTAT:RAIL_PA_TOTAL(1.0),21/12/22 23:00:00,A,MIO_PKM,TR,2020,6094,
ESTAT:RAIL_PA_TOTAL(1.0),21/12/22 23:00:00,A,MIO_PKM,TR,2021,8544,
ESTAT:RAIL_PA_TOTAL(1.0),21/12/22 23:00:00,A,MIO_PKM,UK,2010,55831,
ESTAT:RAIL_PA_TOTAL(1.0),21/12/22 23:00:00,A,MIO_PKM,UK,2011,58462,
ESTAT:RAIL_PA_TOTAL(1.0),21/12/22 23:00:00,A,MIO_PKM,UK,2012,60783,
ESTAT:RAIL_PA_TOTAL(1.0),21/12/22 23:00:00,A,MIO_PKM,UK,2013,61950,
ESTAT:RAIL_PA_TOTAL(1.0),21/12/22 23:00:00,A,MIO_PKM,UK,2014,64711,
ESTAT:RAIL_PA_TOTAL(1.0),21/12/22 23:00:00,A,MIO_PKM,UK,2015,66594,
ESTAT:RAIL_PA_TOTAL(1.0),21/12/22 23:00:00,A,MIO_PKM,UK,2016,68010,
ESTAT:RAIL_PA_TOTAL(1.0),21/12/22 23:00:00,A,MIO_PKM,UK,2017,68912,
ESTAT:RAIL_PA_TOTAL(1.0),21/12/22 23:00:00,A,MIO_PKM,UK,2018,69706,
ESTAT:RAIL_PA_TOTAL(1.0),21/12/22 23:00:00,A,MIO_PKM,UK,2019,71823,
ESTAT:RAIL_PA_TOTAL(1.0),21/12/22 23:00:00,A,THS_PAS,AT,2010,239974,
ESTAT:RAIL_PA_TOTAL(1.0),21/12/22 23:00:00,A,THS_PAS,AT,2011,241526,
ESTAT:RAIL_PA_TOTAL(1.0),21/12/22 23:00:00,A,THS_PAS,AT,2012,260518,
ESTAT:RAIL_PA_TOTAL(1.0),21/12/22 23:00:00,A,THS_PAS,AT,2013,271888,
ESTAT:RAIL_PA_TOTAL(1.0),21/12/22 23:00:00,A,THS_PAS,AT,2014,270913,
ESTAT:RAIL_PA_TOTAL(1.0),21/12/22 23:00:00,A,THS_PAS,AT,2015,280060,
ESTAT:RAIL_PA_TOTAL(1.0),21/12/22 23:00:00,A,THS_PAS,AT,2016,286990,
ESTAT:RAIL_PA_TOTAL(1.0),21/12/22 23:00:00,A,THS_PAS,AT,2017,288503,
ESTAT:RAIL_PA_TOTAL(1.0),21/12/22 23:00:00,A,THS_PAS,AT,2018,307647,
ESTAT:RAIL_PA_TOTAL(1.0),21/12/22 23:00:00,A,THS_PAS,AT,2019,314892,
ESTAT:RAIL_PA_TOTAL(1.0),21/12/22 23:00:00,A,THS_PAS,AT,2020,191272,
ESTAT:RAIL_PA_TOTAL(1.0),21/12/22 23:00:00,A,THS_PAS,AT,2021,217501,
ESTAT:RAIL_PA_TOTAL(1.0),21/12/22 23:00:00,A,THS_PAS,BA,2014,528,
ESTAT:RAIL_PA_TOTAL(1.0),21/12/22 23:00:00,A,THS_PAS,BA,2015,512,
ESTAT:RAIL_PA_TOTAL(1.0),21/12/22 23:00:00,A,THS_PAS,BA,2016,418,
ESTAT:RAIL_PA_TOTAL(1.0),21/12/22 23:00:00,A,THS_PAS,BA,2017,472,
ESTAT:RAIL_PA_TOTAL(1.0),21/12/22 23:00:00,A,THS_PAS,BA,2018,549,
ESTAT:RAIL_PA_TOTAL(1.0),21/12/22 23:00:00,A,THS_PAS,BA,2019,657,
ESTAT:RAIL_PA_TOTAL(1.0),21/12/22 23:00:00,A,THS_PAS,BA,2020,181,
ESTAT:RAIL_PA_TOTAL(1.0),21/12/22 23:00:00,A,THS_PAS,BA,2021,250,
ESTAT:RAIL_PA_TOTAL(1.0),21/12/22 23:00:00,A,THS_PAS,BE,2010,223198,
ESTAT:RAIL_PA_TOTAL(1.0),21/12/22 23:00:00,A,THS_PAS,BE,2011,228753,
ESTAT:RAIL_PA_TOTAL(1.0),21/12/22 23:00:00,A,THS_PAS,BE,2013,,c
ESTAT:RAIL_PA_TOTAL(1.0),21/12/22 23:00:00,A,THS_PAS,BE,2014,,c
ESTAT:RAIL_PA_TOTAL(1.0),21/12/22 23:00:00,A,THS_PAS,BE,2015,,c
ESTAT:RAIL_PA_TOTAL(1.0),21/12/22 23:00:00,A,THS_PAS,BE,2016,,c
ESTAT:RAIL_PA_TOTAL(1.0),21/12/22 23:00:00,A,THS_PAS,BE,2017,,c
ESTAT:RAIL_PA_TOTAL(1.0),21/12/22 23:00:00,A,THS_PAS,BE,2018,,c
ESTAT:RAIL_PA_TOTAL(1.0),21/12/22 23:00:00,A,THS_PAS,BE,2019,,c
ESTAT:RAIL_PA_TOTAL(1.0),21/12/22 23:00:00,A,THS_PAS,BE,2020,,c
ESTAT:RAIL_PA_TOTAL(1.0),21/12/22 23:00:00,A,THS_PAS,BE,2021,,c
ESTAT:RAIL_PA_TOTAL(1.0),21/12/22 23:00:00,A,THS_PAS,BG,2010,30079,
ESTAT:RAIL_PA_TOTAL(1.0),21/12/22 23:00:00,A,THS_PAS,BG,2011,29287,
ESTAT:RAIL_PA_TOTAL(1.0),21/12/22 23:00:00,A,THS_PAS,BG,2012,26508,
ESTAT:RAIL_PA_TOTAL(1.0),21/12/22 23:00:00,A,THS_PAS,BG,2013,26059,
ESTAT:RAIL_PA_TOTAL(1.0),21/12/22 23:00:00,A,THS_PAS,BG,2014,24615,
ESTAT:RAIL_PA_TOTAL(1.0),21/12/22 23:00:00,A,THS_PAS,BG,2015,22518,
ESTAT:RAIL_PA_TOTAL(1.0),21/12/22 23:00:00,A,THS_PAS,BG,2016,21425,
ESTAT:RAIL_PA_TOTAL(1.0),21/12/22 23:00:00,A,THS_PAS,BG,2017,21195,
ESTAT:RAIL_PA_TOTAL(1.0),21/12/22 23:00:00,A,THS_PAS,BG,2018,21329,
ESTAT:RAIL_PA_TOTAL(1.0),21/12/22 23:00:00,A,THS_PAS,BG,2019,21329,
ESTAT:RAIL_PA_TOTAL(1.0),21/12/22 23:00:00,A,THS_PAS,BG,2020,16808,
ESTAT:RAIL_PA_TOTAL(1.0),21/12/22 23:00:00,A,THS_PAS,BG,2021,17142,
ESTAT:RAIL_PA_TOTAL(1.0),21/12/22 23:00:00,A,THS_PAS,CH,2010,492162,
ESTAT:RAIL_PA_TOTAL(1.0),21/12/22 23:00:00,A,THS_PAS,CH,2011,511770,
ESTAT:RAIL_PA_TOTAL(1.0),21/12/22 23:00:00,A,THS_PAS,CH,2012,513860,
ESTAT:RAIL_PA_TOTAL(1.0),21/12/22 23:00:00,A,THS_PAS,CH,2013,540352,
ESTAT:RAIL_PA_TOTAL(1.0),21/12/22 23:00:00,A,THS_PAS,CH,2014,567049,
ESTAT:RAIL_PA_TOTAL(1.0),21/12/22 23:00:00,A,THS_PAS,CH,2015,582889,
ESTAT:RAIL_PA_TOTAL(1.0),21/12/22 23:00:00,A,THS_PAS,CH,2016,602659,
ESTAT:RAIL_PA_TOTAL(1.0),21/12/22 23:00:00,A,THS_PAS,CH,2017,607941,
ESTAT:RAIL_PA_TOTAL(1.0),21/12/22 23:00:00,A,THS_PAS,CH,2018,607567,
ESTAT:RAIL_PA_TOTAL(1.0),21/12/22 23:00:00,A,THS_PAS,CH,2019,635595,
ESTAT:RAIL_PA_TOTAL(1.0),21/12/22 23:00:00,A,THS_PAS,CH,2020,402610,
ESTAT:RAIL_PA_TOTAL(1.0),21/12/22 23:00:00,A,THS_PAS,CH,2021,420912,
ESTAT:RAIL_PA_TOTAL(1.0),21/12/22 23:00:00,A,THS_PAS,CZ,2010,164642,
ESTAT:RAIL_PA_TOTAL(1.0),21/12/22 23:00:00,A,THS_PAS,CZ,2011,167789,p
ESTAT:RAIL_PA_TOTAL(1.0),21/12/22 23:00:00,A,THS_PAS,CZ,2012,172580,
ESTAT:RAIL_PA_TOTAL(1.0),21/12/22 23:00:00,A,THS_PAS,CZ,2013,174189,
ESTAT:RAIL_PA_TOTAL(1.0),21/12/22 23:00:00,A,THS_PAS,CZ,2014,175705,
ESTAT:RAIL_PA_TOTAL(1.0),21/12/22 23:00:00,A,THS_PAS,CZ,2015,176146,
ESTAT:RAIL_PA_TOTAL(1.0),21/12/22 23:00:00,A,THS_PAS,CZ,2016,178766,
ESTAT:RAIL_PA_TOTAL(1.0),21/12/22 23:00:00,A,THS_PAS,CZ,2017,182724,
ESTAT:RAIL_PA_TOTAL(1.0),21/12/22 23:00:00,A,THS_PAS,CZ,2018,189288,
ESTAT:RAIL_PA_TOTAL(1.0),21/12/22 23:00:00,A,THS_PAS,CZ,2019,193569,
ESTAT:RAIL_PA_TOTAL(1.0),21/12/22 23:00:00,A,THS_PAS,CZ,2020,129308,
ESTAT:RAIL_PA_TOTAL(1.0),21/12/22 23:00:00,A,THS_PAS,CZ,2021,135083,
ESTAT:RAIL_PA_TOTAL(1.0),21/12/22 23:00:00,A,THS_PAS,DE,2010,2368375,
ESTAT:RAIL_PA_TOTAL(1.0),21/12/22 23:00:00,A,THS_PAS,DE,2011,2530284,
ESTAT:RAIL_PA_TOTAL(1.0),21/12/22 23:00:00,A,THS_PAS,DE,2012,2564498,
ESTAT:RAIL_PA_TOTAL(1.0),21/12/22 23:00:00,A,THS_PAS,DE,2013,2612764,
ESTAT:RAIL_PA_TOTAL(1.0),21/12/22 23:00:00,A,THS_PAS,DE,2014,2693080,
ESTAT:RAIL_PA_TOTAL(1.0),21/12/22 23:00:00,A,THS_PAS,DE,2015,2684908,
ESTAT:RAIL_PA_TOTAL(1.0),21/12/22 23:00:00,A,THS_PAS,DE,2016,2813782,
ESTAT:RAIL_PA_TOTAL(1.0),21/12/22 23:00:00,A,THS_PAS,DE,2017,2831443,
ESTAT:RAIL_PA_TOTAL(1.0),21/12/22 23:00:00,A,THS_PAS,DE,2018,2880558,
ESTAT:RAIL_PA_TOTAL(1.0),21/12/22 23:00:00,A,THS_PAS,DE,2019,2938023,
ESTAT:RAIL_PA_TOTAL(1.0),21/12/22 23:00:00,A,THS_PAS,DE,2020,1752198,
ESTAT:RAIL_PA_TOTAL(1.0),21/12/22 23:00:00,A,THS_PAS,DE,2021,1761388,
ESTAT:RAIL_PA_TOTAL(1.0),21/12/22 23:00:00,A,THS_PAS,DK,2010,185947,
ESTAT:RAIL_PA_TOTAL(1.0),21/12/22 23:00:00,A,THS_PAS,DK,2011,194428,
ESTAT:RAIL_PA_TOTAL(1.0),21/12/22 23:00:00,A,THS_PAS,DK,2012,201899,
ESTAT:RAIL_PA_TOTAL(1.0),21/12/22 23:00:00,A,THS_PAS,DK,2013,206160,
ESTAT:RAIL_PA_TOTAL(1.0),21/12/22 23:00:00,A,THS_PAS,DK,2014,208311,
ESTAT:RAIL_PA_TOTAL(1.0),21/12/22 23:00:00,A,THS_PAS,DK,2015,212253,
ESTAT:RAIL_PA_TOTAL(1.0),21/12/22 23:00:00,A,THS_PAS,DK,2016,211399,
ESTAT:RAIL_PA_TOTAL(1.0),21/12/22 23:00:00,A,THS_PAS,DK,2017,206566,
ESTAT:RAIL_PA_TOTAL(1.0),21/12/22 23:00:00,A,THS_PAS,DK,2018,205307,
ESTAT:RAIL_PA_TOTAL(1.0),21/12/22 23:00:00,A,THS_PAS,DK,2019,206601,
ESTAT:RAIL_PA_TOTAL(1.0),21/12/22 23:00:00,A,THS_PAS,DK,2020,133900,
ESTAT:RAIL_PA_TOTAL(1.0),21/12/22 23:00:00,A,THS_PAS,DK,2021,134076,
ESTAT:RAIL_PA_TOTAL(1.0),21/12/22 23:00:00,A,THS_PAS,EE,2010,4799,
ESTAT:RAIL_PA_TOTAL(1.0),21/12/22 23:00:00,A,THS_PAS,EE,2011,4758,
ESTAT:RAIL_PA_TOTAL(1.0),21/12/22 23:00:00,A,THS_PAS,EE,2012,4411,
ESTAT:RAIL_PA_TOTAL(1.0),21/12/22 23:00:00,A,THS_PAS,EE,2013,4199,
ESTAT:RAIL_PA_TOTAL(1.0),21/12/22 23:00:00,A,THS_PAS,EE,2014,5905,
ESTAT:RAIL_PA_TOTAL(1.0),21/12/22 23:00:00,A,THS_PAS,EE,2015,6659,
ESTAT:RAIL_PA_TOTAL(1.0),21/12/22 23:00:00,A,THS_PAS,EE,2016,6926,
ESTAT:RAIL_PA_TOTAL(1.0),21/12/22 23:00:00,A,THS_PAS,EE,2017,7433,
ESTAT:RAIL_PA_TOTAL(1.0),21/12/22 23:00:00,A,THS_PAS,EE,2018,7759,
ESTAT:RAIL_PA_TOTAL(1.0),21/12/22 23:00:00,A,THS_PAS,EE,2019,8373,
ESTAT:RAIL_PA_TOTAL(1.0),21/12/22 23:00:00,A,THS_PAS,EE,2020,5984,
ESTAT:RAIL_PA_TOTAL(1.0),21/12/22 23:00:00,A,THS_PAS,EE,2021,6077,
ESTAT:RAIL_PA_TOTAL(1.0),21/12/22 23:00:00,A,THS_PAS,EL,2010,13817,
ESTAT:RAIL_PA_TOTAL(1.0),21/12/22 23:00:00,A,THS_PAS,EL,2011,13305,
ESTAT:RAIL_PA_TOTAL(1.0),21/12/22 23:00:00,A,THS_PAS,EL,2012,12658,
ESTAT:RAIL_PA_TOTAL(1.0),21/12/22 23:00:00,A,THS_PAS,EL,2013,13195,
ESTAT:RAIL_PA_TOTAL(1.0),21/12/22 23:00:00,A,THS_PAS,EL,2014,13399,
ESTAT:RAIL_PA_TOTAL(1.0),21/12/22 23:00:00,A,THS_PAS,EL,2015,16040,
ESTAT:RAIL_PA_TOTAL(1.0),21/12/22 23:00:00,A,THS_PAS,EL,2016,15582,
ESTAT:RAIL_PA_TOTAL(1.0),21/12/22 23:00:00,A,THS_PAS,EL,2017,15359,
ESTAT:RAIL_PA_TOTAL(1.0),21/12/22 23:00:00,A,THS_PAS,EL,2018,16795,
ESTAT:RAIL_PA_TOTAL(1.0),21/12/22 23:00:00,A,THS_PAS,EL,2019,19599,
ESTAT:RAIL_PA_TOTAL(1.0),21/12/22 23:00:00,A,THS_PAS,EL,2020,10220,
ESTAT:RAIL_PA_TOTAL(1.0),21/12/22 23:00:00,A,THS_PAS,EL,2021,10029,
ESTAT:RAIL_PA_TOTAL(1.0),21/12/22 23:00:00,A,THS_PAS,ES,2010,563505,
ESTAT:RAIL_PA_TOTAL(1.0),21/12/22 23:00:00,A,THS_PAS,ES,2011,579174,
ESTAT:RAIL_PA_TOTAL(1.0),21/12/22 23:00:00,A,THS_PAS,ES,2012,568596,
ESTAT:RAIL_PA_TOTAL(1.0),21/12/22 23:00:00,A,THS_PAS,ES,2013,563269,
ESTAT:RAIL_PA_TOTAL(1.0),21/12/22 23:00:00,A,THS_PAS,ES,2014,563801,
ESTAT:RAIL_PA_TOTAL(1.0),21/12/22 23:00:00,A,THS_PAS,ES,2015,567854,
ESTAT:RAIL_PA_TOTAL(1.0),21/12/22 23:00:00,A,THS_PAS,ES,2016,575572,
ESTAT:RAIL_PA_TOTAL(1.0),21/12/22 23:00:00,A,THS_PAS,ES,2017,600296,
ESTAT:RAIL_PA_TOTAL(1.0),21/12/22 23:00:00,A,THS_PAS,ES,2018,601912,
ESTAT:RAIL_PA_TOTAL(1.0),21/12/22 23:00:00,A,THS_PAS,ES,2019,634954,
ESTAT:RAIL_PA_TOTAL(1.0),21/12/22 23:00:00,A,THS_PAS,ES,2020,333397,
ESTAT:RAIL_PA_TOTAL(1.0),21/12/22 23:00:00,A,THS_PAS,ES,2021,418501,
ESTAT:RAIL_PA_TOTAL(1.0),21/12/22 23:00:00,A,THS_PAS,FI,2010,68950,
ESTAT:RAIL_PA_TOTAL(1.0),21/12/22 23:00:00,A,THS_PAS,FI,2011,68376,
ESTAT:RAIL_PA_TOTAL(1.0),21/12/22 23:00:00,A,THS_PAS,FI,2012,69331,
ESTAT:RAIL_PA_TOTAL(1.0),21/12/22 23:00:00,A,THS_PAS,FI,2013,69318,
ESTAT:RAIL_PA_TOTAL(1.0),21/12/22 23:00:00,A,THS_PAS,FI,2014,68262,
ESTAT:RAIL_PA_TOTAL(1.0),21/12/22 23:00:00,A,THS_PAS,FI,2015,75952,
ESTAT:RAIL_PA_TOTAL(1.0),21/12/22 23:00:00,A,THS_PAS,FI,2016,82114,
ESTAT:RAIL_PA_TOTAL(1.0),21/12/22 23:00:00,A,THS_PAS,FI,2017,85703,
ESTAT:RAIL_PA_TOTAL(1.0),21/12/22 23:00:00,A,THS_PAS,FI,2018,87502,
ESTAT:RAIL_PA_TOTAL(1.0),21/12/22 23:00:00,A,THS_PAS,FI,2019,92801,
ESTAT:RAIL_PA_TOTAL(1.0),21/12/22 23:00:00,A,THS_PAS,FI,2020,59550,
ESTAT:RAIL_PA_TOTAL(1.0),21/12/22 23:00:00,A,THS_PAS,FI,2021,55009,
ESTAT:RAIL_PA_TOTAL(1.0),21/12/22 23:00:00,A,THS_PAS,FR,2010,,c
ESTAT:RAIL_PA_TOTAL(1.0),21/12/22 23:00:00,A,THS_PAS,FR,2011,,c
ESTAT:RAIL_PA_TOTAL(1.0),21/12/22 23:00:00,A,THS_PAS,FR,2012,1150297,
ESTAT:RAIL_PA_TOTAL(1.0),21/12/22 23:00:00,A,THS_PAS,FR,2013,1164822,
ESTAT:RAIL_PA_TOTAL(1.0),21/12/22 23:00:00,A,THS_PAS,FR,2014,1157679,
ESTAT:RAIL_PA_TOTAL(1.0),21/12/22 23:00:00,A,THS_PAS,FR,2015,1204201,
ESTAT:RAIL_PA_TOTAL(1.0),21/12/22 23:00:00,A,THS_PAS,FR,2016,1234996,
ESTAT:RAIL_PA_TOTAL(1.0),21/12/22 23:00:00,A,THS_PAS,FR,2017,1277193,
ESTAT:RAIL_PA_TOTAL(1.0),21/12/22 23:00:00,A,THS_PAS,FR,2018,1246608,
ESTAT:RAIL_PA_TOTAL(1.0),21/12/22 23:00:00,A,THS_PAS,FR,2019,1265330,
ESTAT:RAIL_PA_TOTAL(1.0),21/12/22 23:00:00,A,THS_PAS,FR,2020,723852,
ESTAT:RAIL_PA_TOTAL(1.0),21/12/22 23:00:00,A,THS_PAS,FR,2021,894397,
ESTAT:RAIL_PA_TOTAL(1.0),21/12/22 23:00:00,A,THS_PAS,HR,2010,69421,
ESTAT:RAIL_PA_TOTAL(1.0),21/12/22 23:00:00,A,THS_PAS,HR,2011,49852,
ESTAT:RAIL_PA_TOTAL(1.0),21/12/22 23:00:00,A,THS_PAS,HR,2012,27576,
ESTAT:RAIL_PA_TOTAL(1.0),21/12/22 23:00:00,A,THS_PAS,HR,2013,24216,
ESTAT:RAIL_PA_TOTAL(1.0),21/12/22 23:00:00,A,THS_PAS,HR,2014,21889,
ESTAT:RAIL_PA_TOTAL(1.0),21/12/22 23:00:00,A,THS_PAS,HR,2015,21649,
ESTAT:RAIL_PA_TOTAL(1.0),21/12/22 23:00:00,A,THS_PAS,HR,2016,20709,
ESTAT:RAIL_PA_TOTAL(1.0),21/12/22 23:00:00,A,THS_PAS,HR,2017,19803,
ESTAT:RAIL_PA_TOTAL(1.0),21/12/22 23:00:00,A,THS_PAS,HR,2018,20244,
ESTAT:RAIL_PA_TOTAL(1.0),21/12/22 23:00:00,A,THS_PAS,HR,2019,19827,
ESTAT:RAIL_PA_TOTAL(1.0),21/12/22 23:00:00,A,THS_PAS,HR,2020,13100,
ESTAT:RAIL_PA_TOTAL(1.0),21/12/22 23:00:00,A,THS_PAS,HR,2021,13534,
ESTAT:RAIL_PA_TOTAL(1.0),21/12/22 23:00:00,A,THS_PAS,HU,2010,140398,
ESTAT:RAIL_PA_TOTAL(1.0),21/12/22 23:00:00,A,THS_PAS,HU,2011,145561,
ESTAT:RAIL_PA_TOTAL(1.0),21/12/22 23:00:00,A,THS_PAS,HU,2012,147688,
ESTAT:RAIL_PA_TOTAL(1.0),21/12/22 23:00:00,A,THS_PAS,HU,2013,148379,
ESTAT:RAIL_PA_TOTAL(1.0),21/12/22 23:00:00,A,THS_PAS,HU,2014,146010,
ESTAT:RAIL_PA_TOTAL(1.0),21/12/22 23:00:00,A,THS_PAS,HU,2015,,c
ESTAT:RAIL_PA_TOTAL(1.0),21/12/22 23:00:00,A,THS_PAS,HU,2016,,c
ESTAT:RAIL_PA_TOTAL(1.0),21/12/22 23:00:00,A,THS_PAS,HU,2017,,c
ESTAT:RAIL_PA_TOTAL(1.0),21/12/22 23:00:00,A,THS_PAS,HU,2018,,c
ESTAT:RAIL_PA_TOTAL(1.0),21/12/22 23:00:00,A,THS_PAS,HU,2019,,c
ESTAT:RAIL_PA_TOTAL(1.0),21/12/22 23:00:00,A,THS_PAS,HU,2020,,c
ESTAT:RAIL_PA_TOTAL(1.0),21/12/22 23:00:00,A,THS_PAS,HU,2021,,c
ESTAT:RAIL_PA_TOTAL(1.0),21/12/22 23:00:00,A,THS_PAS,IE,2010,38226,
ESTAT:RAIL_PA_TOTAL(1.0),21/12/22 23:00:00,A,THS_PAS,IE,2011,37375,
ESTAT:RAIL_PA_TOTAL(1.0),21/12/22 23:00:00,A,THS_PAS,IE,2012,36918,
ESTAT:RAIL_PA_TOTAL(1.0),21/12/22 23:00:00,A,THS_PAS,IE,2013,37130,
ESTAT:RAIL_PA_TOTAL(1.0),21/12/22 23:00:00,A,THS_PAS,IE,2014,38517,
ESTAT:RAIL_PA_TOTAL(1.0),21/12/22 23:00:00,A,THS_PAS,IE,2015,39660,
ESTAT:RAIL_PA_TOTAL(1.0),21/12/22 23:00:00,A,THS_PAS,IE,2016,42820,
ESTAT:RAIL_PA_TOTAL(1.0),21/12/22 23:00:00,A,THS_PAS,IE,2017,45505,
ESTAT:RAIL_PA_TOTAL(1.0),21/12/22 23:00:00,A,THS_PAS,IE,2018,47960,
ESTAT:RAIL_PA_TOTAL(1.0),21/12/22 23:00:00,A,THS_PAS,IE,2019,50060,
ESTAT:RAIL_PA_TOTAL(1.0),21/12/22 23:00:00,A,THS_PAS,IE,2020,17930,
ESTAT:RAIL_PA_TOTAL(1.0),21/12/22 23:00:00,A,THS_PAS,IE,2021,17411,
ESTAT:RAIL_PA_TOTAL(1.0),21/12/22 23:00:00,A,THS_PAS,IT,2010,838892,
ESTAT:RAIL_PA_TOTAL(1.0),21/12/22 23:00:00,A,THS_PAS,IT,2011,,c
ESTAT:RAIL_PA_TOTAL(1.0),21/12/22 23:00:00,A,THS_PAS,IT,2012,854836,
ESTAT:RAIL_PA_TOTAL(1.0),21/12/22 23:00:00,A,THS_PAS,IT,2013,854756,
ESTAT:RAIL_PA_TOTAL(1.0),21/12/22 23:00:00,A,THS_PAS,IT,2014,864123,
ESTAT:RAIL_PA_TOTAL(1.0),21/12/22 23:00:00,A,THS_PAS,IT,2015,872623,
ESTAT:RAIL_PA_TOTAL(1.0),21/12/22 23:00:00,A,THS_PAS,IT,2016,869199,
ESTAT:RAIL_PA_TOTAL(1.0),21/12/22 23:00:00,A,THS_PAS,IT,2017,864570,
ESTAT:RAIL_PA_TOTAL(1.0),21/12/22 23:00:00,A,THS_PAS,IT,2018,882243,
ESTAT:RAIL_PA_TOTAL(1.0),21/12/22 23:00:00,A,THS_PAS,IT,2019,898472,
ESTAT:RAIL_PA_TOTAL(1.0),21/12/22 23:00:00,A,THS_PAS,IT,2020,389883,
ESTAT:RAIL_PA_TOTAL(1.0),21/12/22 23:00:00,A,THS_PAS,IT,2021,491782,
ESTAT:RAIL_PA_TOTAL(1.0),21/12/22 23:00:00,A,THS_PAS,LI,2010,96,
ESTAT:RAIL_PA_TOTAL(1.0),21/12/22 23:00:00,A,THS_PAS,LI,2011,96,
ESTAT:RAIL_PA_TOTAL(1.0),21/12/22 23:00:00,A,THS_PAS,LI,2012,96,
ESTAT:RAIL_PA_TOTAL(1.0),21/12/22 23:00:00,A,THS_PAS,LI,2013,96,
ESTAT:RAIL_PA_TOTAL(1.0),21/12/22 23:00:00,A,THS_PAS,LI,2014,97,
ESTAT:RAIL_PA_TOTAL(1.0),21/12/22 23:00:00,A,THS_PAS,LI,2015,950,
ESTAT:RAIL_PA_TOTAL(1.0),21/12/22 23:00:00,A,THS_PAS,LI,2016,936,
ESTAT:RAIL_PA_TOTAL(1.0),21/12/22 23:00:00,A,THS_PAS,LI,2017,855,
ESTAT:RAIL_PA_TOTAL(1.0),21/12/22 23:00:00,A,THS_PAS,LI,2018,940,
ESTAT:RAIL_PA_TOTAL(1.0),21/12/22 23:00:00,A,THS_PAS,LI,2019,1081,
ESTAT:RAIL_PA_TOTAL(1.0),21/12/22 23:00:00,A,THS_PAS,LI,2020,479,
ESTAT:RAIL_PA_TOTAL(1.0),21/12/22 23:00:00,A,THS_PAS,LI,2021,710,
ESTAT:RAIL_PA_TOTAL(1.0),21/12/22 23:00:00,A,THS_PAS,LT,2010,3795,
ESTAT:RAIL_PA_TOTAL(1.0),21/12/22 23:00:00,A,THS_PAS,LT,2011,4127,
ESTAT:RAIL_PA_TOTAL(1.0),21/12/22 23:00:00,A,THS_PAS,LT,2012,4251,
ESTAT:RAIL_PA_TOTAL(1.0),21/12/22 23:00:00,A,THS_PAS,LT,2013,4346,
ESTAT:RAIL_PA_TOTAL(1.0),21/12/22 23:00:00,A,THS_PAS,LT,2014,4126,
ESTAT:RAIL_PA_TOTAL(1.0),21/12/22 23:00:00,A,THS_PAS,LT,2015,3790,
ESTAT:RAIL_PA_TOTAL(1.0),21/12/22 23:00:00,A,THS_PAS,LT,2016,3916,
ESTAT:RAIL_PA_TOTAL(1.0),21/12/22 23:00:00,A,THS_PAS,LT,2017,4176,
ESTAT:RAIL_PA_TOTAL(1.0),21/12/22 23:00:00,A,THS_PAS,LT,2018,4665,
ESTAT:RAIL_PA_TOTAL(1.0),21/12/22 23:00:00,A,THS_PAS,LT,2019,4991,
ESTAT:RAIL_PA_TOTAL(1.0),21/12/22 23:00:00,A,THS_PAS,LT,2020,3238,
ESTAT:RAIL_PA_TOTAL(1.0),21/12/22 23:00:00,A,THS_PAS,LT,2021,3948,
ESTAT:RAIL_PA_TOTAL(1.0),21/12/22 23:00:00,A,THS_PAS,LU,2010,17995,
ESTAT:RAIL_PA_TOTAL(1.0),21/12/22 23:00:00,A,THS_PAS,LU,2011,18200,
ESTAT:RAIL_PA_TOTAL(1.0),21/12/22 23:00:00,A,THS_PAS,LU,2012,19691,
ESTAT:RAIL_PA_TOTAL(1.0),21/12/22 23:00:00,A,THS_PAS,LU,2013,20549,
ESTAT:RAIL_PA_TOTAL(1.0),21/12/22 23:00:00,A,THS_PAS,LU,2014,21503,
ESTAT:RAIL_PA_TOTAL(1.0),21/12/22 23:00:00,A,THS_PAS,LU,2015,22496,
ESTAT:RAIL_PA_TOTAL(1.0),21/12/22 23:00:00,A,THS_PAS,LU,2016,22459,
ESTAT:RAIL_PA_TOTAL(1.0),21/12/22 23:00:00,A,THS_PAS,LU,2017,22930,
ESTAT:RAIL_PA_TOTAL(1.0),21/12/22 23:00:00,A,THS_PAS,LU,2018,23331,
ESTAT:RAIL_PA_TOTAL(1.0),21/12/22 23:00:00,A,THS_PAS,LU,2019,25016,
ESTAT:RAIL_PA_TOTAL(1.0),21/12/22 23:00:00,A,THS_PAS,LU,2020,14527,
ESTAT:RAIL_PA_TOTAL(1.0),21/12/22 23:00:00,A,THS_PAS,LU,2021,16595,
ESTAT:RAIL_PA_TOTAL(1.0),21/12/22 23:00:00,A,THS_PAS,LV,2010,20804,
ESTAT:RAIL_PA_TOTAL(1.0),21/12/22 23:00:00,A,THS_PAS,LV,2011,20447,
ESTAT:RAIL_PA_TOTAL(1.0),21/12/22 23:00:00,A,THS_PAS,LV,2012,19707,
ESTAT:RAIL_PA_TOTAL(1.0),21/12/22 23:00:00,A,THS_PAS,LV,2013,19730,
ESTAT:RAIL_PA_TOTAL(1.0),21/12/22 23:00:00,A,THS_PAS,LV,2014,19190,
ESTAT:RAIL_PA_TOTAL(1.0),21/12/22 23:00:00,A,THS_PAS,LV,2015,17065,
ESTAT:RAIL_PA_TOTAL(1.0),21/12/22 23:00:00,A,THS_PAS,LV,2016,17228,
ESTAT:RAIL_PA_TOTAL(1.0),21/12/22 23:00:00,A,THS_PAS,LV,2017,17494,
ESTAT:RAIL_PA_TOTAL(1.0),21/12/22 23:00:00,A,THS_PAS,LV,2018,18242,
ESTAT:RAIL_PA_TOTAL(1.0),21/12/22 23:00:00,A,THS_PAS,LV,2019,18623,
ESTAT:RAIL_PA_TOTAL(1.0),21/12/22 23:00:00,A,THS_PAS,LV,2020,12862,
ESTAT:RAIL_PA_TOTAL(1.0),21/12/22 23:00:00,A,THS_PAS,LV,2021,11194,
ESTAT:RAIL_PA_TOTAL(1.0),21/12/22 23:00:00,A,THS_PAS,ME,2013,922,
ESTAT:RAIL_PA_TOTAL(1.0),21/12/22 23:00:00,A,THS_PAS,ME,2014,1122,
ESTAT:RAIL_PA_TOTAL(1.0),21/12/22 23:00:00,A,THS_PAS,ME,2015,1236,
ESTAT:RAIL_PA_TOTAL(1.0),21/12/22 23:00:00,A,THS_PAS,ME,2016,1285,
ESTAT:RAIL_PA_TOTAL(1.0),21/12/22 23:00:00,A,THS_PAS,ME,2017,927,
ESTAT:RAIL_PA_TOTAL(1.0),21/12/22 23:00:00,A,THS_PAS,ME,2018,992,
ESTAT:RAIL_PA_TOTAL(1.0),21/12/22 23:00:00,A,THS_PAS,ME,2019,986,
ESTAT:RAIL_PA_TOTAL(1.0),21/12/22 23:00:00,A,THS_PAS,ME,2020,473,
ESTAT:RAIL_PA_TOTAL(1.0),21/12/22 23:00:00,A,THS_PAS,MK,2010,1512,
ESTAT:RAIL_PA_TOTAL(1.0),21/12/22 23:00:00,A,THS_PAS,MK,2011,1421,
ESTAT:RAIL_PA_TOTAL(1.0),21/12/22 23:00:00,A,THS_PAS,MK,2012,1013,
ESTAT:RAIL_PA_TOTAL(1.0),21/12/22 23:00:00,A,THS_PAS,MK,2013,853,
ESTAT:RAIL_PA_TOTAL(1.0),21/12/22 23:00:00,A,THS_PAS,MK,2014,803,
ESTAT:RAIL_PA_TOTAL(1.0),21/12/22 23:00:00,A,THS_PAS,MK,2015,1022,
ESTAT:RAIL_PA_TOTAL(1.0),21/12/22 23:00:00,A,THS_PAS,MK,2016,663,
ESTAT:RAIL_PA_TOTAL(1.0),21/12/22 23:00:00,A,THS_PAS,MK,2017,500,
ESTAT:RAIL_PA_TOTAL(1.0),21/12/22 23:00:00,A,THS_PAS,MK,2018,540,
ESTAT:RAIL_PA_TOTAL(1.0),21/12/22 23:00:00,A,THS_PAS,MK,2019,549,
ESTAT:RAIL_PA_TOTAL(1.0),21/12/22 23:00:00,A,THS_PAS,MK,2020,253,
ESTAT:RAIL_PA_TOTAL(1.0),21/12/22 23:00:00,A,THS_PAS,MK,2021,252,
ESTAT:RAIL_PA_TOTAL(1.0),21/12/22 23:00:00,A,THS_PAS,NL,2010,,c
ESTAT:RAIL_PA_TOTAL(1.0),21/12/22 23:00:00,A,THS_PAS,NL,2011,,c
ESTAT:RAIL_PA_TOTAL(1.0),21/12/22 23:00:00,A,THS_PAS,NL,2012,,c
ESTAT:RAIL_PA_TOTAL(1.0),21/12/22 23:00:00,A,THS_PAS,NL,2013,,c
ESTAT:RAIL_PA_TOTAL(1.0),21/12/22 23:00:00,A,THS_PAS,NL,2014,,c
ESTAT:RAIL_PA_TOTAL(1.0),21/12/22 23:00:00,A,THS_PAS,NL,2015,,c
ESTAT:RAIL_PA_TOTAL(1.0),21/12/22 23:00:00,A,THS_PAS,NL,2016,,c
ESTAT:RAIL_PA_TOTAL(1.0),21/12/22 23:00:00,A,THS_PAS,NL,2017,,c
ESTAT:RAIL_PA_TOTAL(1.0),21/12/22 23:00:00,A,THS_PAS,NL,2018,,c
ESTAT:RAIL_PA_TOTAL(1.0),21/12/22 23:00:00,A,THS_PAS,NL,2019,,c
ESTAT:RAIL_PA_TOTAL(1.0),21/12/22 23:00:00,A,THS_PAS,NL,2020,,c
ESTAT:RAIL_PA_TOTAL(1.0),21/12/22 23:00:00,A,THS_PAS,NL,2021,,c
ESTAT:RAIL_PA_TOTAL(1.0),21/12/22 23:00:00,A,THS_PAS,NO,2010,59304,
ESTAT:RAIL_PA_TOTAL(1.0),21/12/22 23:00:00,A,THS_PAS,NO,2011,59384,
ESTAT:RAIL_PA_TOTAL(1.0),21/12/22 23:00:00,A,THS_PAS,NO,2012,62689,
ESTAT:RAIL_PA_TOTAL(1.0),21/12/22 23:00:00,A,THS_PAS,NO,2013,67251,
ESTAT:RAIL_PA_TOTAL(1.0),21/12/22 23:00:00,A,THS_PAS,NO,2014,70341,
ESTAT:RAIL_PA_TOTAL(1.0),21/12/22 23:00:00,A,THS_PAS,NO,2015,73836,
ESTAT:RAIL_PA_TOTAL(1.0),21/12/22 23:00:00,A,THS_PAS,NO,2016,74293,
ESTAT:RAIL_PA_TOTAL(1.0),21/12/22 23:00:00,A,THS_PAS,NO,2017,73561,
ESTAT:RAIL_PA_TOTAL(1.0),21/12/22 23:00:00,A,THS_PAS,NO,2018,77740,
ESTAT:RAIL_PA_TOTAL(1.0),21/12/22 23:00:00,A,THS_PAS,NO,2019,80402,
ESTAT:RAIL_PA_TOTAL(1.0),21/12/22 23:00:00,A,THS_PAS,NO,2020,42599,
ESTAT:RAIL_PA_TOTAL(1.0),21/12/22 23:00:00,A,THS_PAS,NO,2021,41401,
ESTAT:RAIL_PA_TOTAL(1.0),21/12/22 23:00:00,A,THS_PAS,PL,2010,241976,
ESTAT:RAIL_PA_TOTAL(1.0),21/12/22 23:00:00,A,THS_PAS,PL,2011,239054,
ESTAT:RAIL_PA_TOTAL(1.0),21/12/22 23:00:00,A,THS_PAS,PL,2012,266011,
ESTAT:RAIL_PA_TOTAL(1.0),21/12/22 23:00:00,A,THS_PAS,PL,2013,262382,
ESTAT:RAIL_PA_TOTAL(1.0),21/12/22 23:00:00,A,THS_PAS,PL,2014,260260,
ESTAT:RAIL_PA_TOTAL(1.0),21/12/22 23:00:00,A,THS_PAS,PL,2015,269664,
ESTAT:RAIL_PA_TOTAL(1.0),21/12/22 23:00:00,A,THS_PAS,PL,2016,285094,
ESTAT:RAIL_PA_TOTAL(1.0),21/12/22 23:00:00,A,THS_PAS,PL,2017,295394,
ESTAT:RAIL_PA_TOTAL(1.0),21/12/22 23:00:00,A,THS_PAS,PL,2018,,c
ESTAT:RAIL_PA_TOTAL(1.0),21/12/22 23:00:00,A,THS_PAS,PL,2019,,c
ESTAT:RAIL_PA_TOTAL(1.0),21/12/22 23:00:00,A,THS_PAS,PL,2020,,c
ESTAT:RAIL_PA_TOTAL(1.0),21/12/22 23:00:00,A,THS_PAS,PL,2021,,c
ESTAT:RAIL_PA_TOTAL(1.0),21/12/22 23:00:00,A,THS_PAS,PT,2010,152997,
ESTAT:RAIL_PA_TOTAL(1.0),21/12/22 23:00:00,A,THS_PAS,PT,2011,149189,
ESTAT:RAIL_PA_TOTAL(1.0),21/12/22 23:00:00,A,THS_PAS,PT,2012,132212,
ESTAT:RAIL_PA_TOTAL(1.0),21/12/22 23:00:00,A,THS_PAS,PT,2013,126079,
ESTAT:RAIL_PA_TOTAL(1.0),21/12/22 23:00:00,A,THS_PAS,PT,2014,128295,
ESTAT:RAIL_PA_TOTAL(1.0),21/12/22 23:00:00,A,THS_PAS,PT,2015,130421,
ESTAT:RAIL_PA_TOTAL(1.0),21/12/22 23:00:00,A,THS_PAS,PT,2016,133472,
ESTAT:RAIL_PA_TOTAL(1.0),21/12/22 23:00:00,A,THS_PAS,PT,2017,142127,
ESTAT:RAIL_PA_TOTAL(1.0),21/12/22 23:00:00,A,THS_PAS,PT,2018,147581,
ESTAT:RAIL_PA_TOTAL(1.0),21/12/22 23:00:00,A,THS_PAS,PT,2019,175511,
ESTAT:RAIL_PA_TOTAL(1.0),21/12/22 23:00:00,A,THS_PAS,PT,2020,102247,
ESTAT:RAIL_PA_TOTAL(1.0),21/12/22 23:00:00,A,THS_PAS,PT,2021,120702,
ESTAT:RAIL_PA_TOTAL(1.0),21/12/22 23:00:00,A,THS_PAS,RO,2010,64272,
ESTAT:RAIL_PA_TOTAL(1.0),21/12/22 23:00:00,A,THS_PAS,RO,2011,60971,
ESTAT:RAIL_PA_TOTAL(1.0),21/12/22 23:00:00,A,THS_PAS,RO,2012,57530,
ESTAT:RAIL_PA_TOTAL(1.0),21/12/22 23:00:00,A,THS_PAS,RO,2013,57393,
ESTAT:RAIL_PA_TOTAL(1.0),21/12/22 23:00:00,A,THS_PAS,RO,2014,64751,
ESTAT:RAIL_PA_TOTAL(1.0),21/12/22 23:00:00,A,THS_PAS,RO,2015,66479,
ESTAT:RAIL_PA_TOTAL(1.0),21/12/22 23:00:00,A,THS_PAS,RO,2016,64455,
ESTAT:RAIL_PA_TOTAL(1.0),21/12/22 23:00:00,A,THS_PAS,RO,2017,69056,
ESTAT:RAIL_PA_TOTAL(1.0),21/12/22 23:00:00,A,THS_PAS,RO,2018,66500,
ESTAT:RAIL_PA_TOTAL(1.0),21/12/22 23:00:00,A,THS_PAS,RO,2019,69707,
ESTAT:RAIL_PA_TOTAL(1.0),21/12/22 23:00:00,A,THS_PAS,RO,2020,50559,
ESTAT:RAIL_PA_TOTAL(1.0),21/12/22 23:00:00,A,THS_PAS,RO,2021,54937,
ESTAT:RAIL_PA_TOTAL(1.0),21/12/22 23:00:00,A,THS_PAS,SE,2010,179343,
ESTAT:RAIL_PA_TOTAL(1.0),21/12/22 23:00:00,A,THS_PAS,SE,2011,187055,
ESTAT:RAIL_PA_TOTAL(1.0),21/12/22 23:00:00,A,THS_PAS,SE,2012,193163,
ESTAT:RAIL_PA_TOTAL(1.0),21/12/22 23:00:00,A,THS_PAS,SE,2013,200706,
ESTAT:RAIL_PA_TOTAL(1.0),21/12/22 23:00:00,A,THS_PAS,SE,2014,207280,
ESTAT:RAIL_PA_TOTAL(1.0),21/12/22 23:00:00,A,THS_PAS,SE,2015,214434,
ESTAT:RAIL_PA_TOTAL(1.0),21/12/22 23:00:00,A,THS_PAS,SE,2016,220945,
ESTAT:RAIL_PA_TOTAL(1.0),21/12/22 23:00:00,A,THS_PAS,SE,2017,229817,
ESTAT:RAIL_PA_TOTAL(1.0),21/12/22 23:00:00,A,THS_PAS,SE,2018,246490,
ESTAT:RAIL_PA_TOTAL(1.0),21/12/22 23:00:00,A,THS_PAS,SE,2019,264603,
ESTAT:RAIL_PA_TOTAL(1.0),21/12/22 23:00:00,A,THS_PAS,SE,2020,169163,
ESTAT:RAIL_PA_TOTAL(1.0),21/12/22 23:00:00,A,THS_PAS,SE,2021,164490,
ESTAT:RAIL_PA_TOTAL(1.0),21/12/22 23:00:00,A,THS_PAS,SI,2010,15782,
ESTAT:RAIL_PA_TOTAL(1.0),21/12/22 23:00:00,A,THS_PAS,SI,2011,15317,
ESTAT:RAIL_PA_TOTAL(1.0),21/12/22 23:00:00,A,THS_PAS,SI,2012,15086,
ESTAT:RAIL_PA_TOTAL(1.0),21/12/22 23:00:00,A,THS_PAS,SI,2013,15995,
ESTAT:RAIL_PA_TOTAL(1.0),21/12/22 23:00:00,A,THS_PAS,SI,2014,14435,
ESTAT:RAIL_PA_TOTAL(1.0),21/12/22 23:00:00,A,THS_PAS,SI,2015,14135,
ESTAT:RAIL_PA_TOTAL(1.0),21/12/22 23:00:00,A,THS_PAS,SI,2016,13650,
ESTAT:RAIL_PA_TOTAL(1.0),21/12/22 23:00:00,A,THS_PAS,SI,2017,13002,
ESTAT:RAIL_PA_TOTAL(1.0),21/12/22 23:00:00,A,THS_PAS,SI,2018,13105,
ESTAT:RAIL_PA_TOTAL(1.0),21/12/22 23:00:00,A,THS_PAS,SI,2019,13259,
ESTAT:RAIL_PA_TOTAL(1.0),21/12/22 23:00:00,A,THS_PAS,SI,2020,7924,
ESTAT:RAIL_PA_TOTAL(1.0),21/12/22 23:00:00,A,THS_PAS,SI,2021,11663,
ESTAT:RAIL_PA_TOTAL(1.0),21/12/22 23:00:00,A,THS_PAS,SK,2010,46509,
ESTAT:RAIL_PA_TOTAL(1.0),21/12/22 23:00:00,A,THS_PAS,SK,2011,47453,
ESTAT:RAIL_PA_TOTAL(1.0),21/12/22 23:00:00,A,THS_PAS,SK,2012,44609,
ESTAT:RAIL_PA_TOTAL(1.0),21/12/22 23:00:00,A,THS_PAS,SK,2013,45946,
ESTAT:RAIL_PA_TOTAL(1.0),21/12/22 23:00:00,A,THS_PAS,SK,2014,49098,
ESTAT:RAIL_PA_TOTAL(1.0),21/12/22 23:00:00,A,THS_PAS,SK,2015,60292,
ESTAT:RAIL_PA_TOTAL(1.0),21/12/22 23:00:00,A,THS_PAS,SK,2016,69150,
ESTAT:RAIL_PA_TOTAL(1.0),21/12/22 23:00:00,A,THS_PAS,SK,2017,74916,
ESTAT:RAIL_PA_TOTAL(1.0),21/12/22 23:00:00,A,THS_PAS,SK,2018,77265,
ESTAT:RAIL_PA_TOTAL(1.0),21/12/22 23:00:00,A,THS_PAS,SK,2019,80671,
ESTAT:RAIL_PA_TOTAL(1.0),21/12/22 23:00:00,A,THS_PAS,SK,2020,49421,
ESTAT:RAIL_PA_TOTAL(1.0),21/12/22 23:00:00,A,THS_PAS,SK,2021,45858,
ESTAT:RAIL_PA_TOTAL(1.0),21/12/22 23:00:00,A,THS_PAS,TR,2010,84174,
ESTAT:RAIL_PA_TOTAL(1.0),21/12/22 23:00:00,A,THS_PAS,TR,2011,85752,
ESTAT:RAIL_PA_TOTAL(1.0),21/12/22 23:00:00,A,THS_PAS,TR,2012,70284,
ESTAT:RAIL_PA_TOTAL(1.0),21/12/22 23:00:00,A,THS_PAS,TR,2013,46442,
ESTAT:RAIL_PA_TOTAL(1.0),21/12/22 23:00:00,A,THS_PAS,TR,2014,78403,
ESTAT:RAIL_PA_TOTAL(1.0),21/12/22 23:00:00,A,THS_PAS,TR,2015,95318,
ESTAT:RAIL_PA_TOTAL(1.0),21/12/22 23:00:00,A,THS_PAS,TR,2016,89038,
ESTAT:RAIL_PA_TOTAL(1.0),21/12/22 23:00:00,A,THS_PAS,TR,2017,85338,
ESTAT:RAIL_PA_TOTAL(1.0),21/12/22 23:00:00,A,THS_PAS,TR,2018,100568,
ESTAT:RAIL_PA_TOTAL(1.0),21/12/22 23:00:00,A,THS_PAS,TR,2019,164712,
ESTAT:RAIL_PA_TOTAL(1.0),21/12/22 23:00:00,A,THS_PAS,TR,2020,99470,
ESTAT:RAIL_PA_TOTAL(1.0),21/12/22 23:00:00,A,THS_PAS,TR,2021,136103,
ESTAT:RAIL_PA_TOTAL(1.0),21/12/22 23:00:00,A,THS_PAS,UK,2010,1365918,
ESTAT:RAIL_PA_TOTAL(1.0),21/12/22 23:00:00,A,THS_PAS,UK,2011,1463068,
ESTAT:RAIL_PA_TOTAL(1.0),21/12/22 23:00:00,A,THS_PAS,UK,2012,1543261,
ESTAT:RAIL_PA_TOTAL(1.0),21/12/22 23:00:00,A,THS_PAS,UK,2013,1599484,
ESTAT:RAIL_PA_TOTAL(1.0),21/12/22 23:00:00,A,THS_PAS,UK,2014,1679746,
ESTAT:RAIL_PA_TOTAL(1.0),21/12/22 23:00:00,A,THS_PAS,UK,2015,1741562,
ESTAT:RAIL_PA_TOTAL(1.0),21/12/22 23:00:00,A,THS_PAS,UK,2016,1772563,
ESTAT:RAIL_PA_TOTAL(1.0),21/12/22 23:00:00,A,THS_PAS,UK,2017,1757359,
ESTAT:RAIL_PA_TOTAL(1.0),21/12/22 23:00:00,A,THS_PAS,UK,2018,1783232,
ESTAT:RAIL_PA_TOTAL(1.0),21/12/22 23:00:00,A,THS_PAS,UK,2019,1836886,
